Orbit Number	Folder Path	orb File	orb min Index	orb Max Index	eeb	eeb File	eeb min Index	eeb Max Index	ees	ees File	ees min Index	ees Max Index	ieb	ieb File	ieb min Index	ieb Max Index	ies	ies File	ies min Index	ies Max Index
13477	./FAST_data/2000/01	fa_k0_orb_13477_v01.cdf	84	84	True	fa_esa_l2_eeb_20000116032353_13477_v02.cdf			True	fa_esa_l2_ees_20000116032354_13477_v02.cdf			True	fa_esa_l2_ieb_20000116032353_13477_v02.cdf			True	fa_esa_l2_ies_20000116032354_13477_v02.cdf		
13519	./FAST_data/2000/01	fa_k0_orb_13519_v01.cdf	75	78	True	fa_esa_l2_eeb_20000119234551_13519_v02.cdf			True	fa_esa_l2_ees_20000119234552_13519_v02.cdf	423	464	True	fa_esa_l2_ieb_20000119234551_13519_v02.cdf			True	fa_esa_l2_ies_20000119234552_13519_v02.cdf	421	461
13520	./FAST_data/2000/01	fa_k0_orb_13520_v01.cdf	75	81	True	fa_esa_l2_eeb_20000120015909_13520_v02.cdf			True	fa_esa_l2_ees_20000120015910_13520_v02.cdf	309	461	True	fa_esa_l2_ieb_20000120015909_13520_v02.cdf			True	fa_esa_l2_ies_20000120015910_13520_v02.cdf	309	461
13521	./FAST_data/2000/01	fa_k0_orb_13521_v01.cdf	75	79	True	fa_esa_l2_eeb_20000120041211_13521_v02.cdf	114	380	True	fa_esa_l2_ees_20000120041215_13521_v02.cdf	106	136	True	fa_esa_l2_ieb_20000120041211_13521_v02.cdf	114	380	True	fa_esa_l2_ies_20000120041215_13521_v02.cdf	106	136
13530	./FAST_data/2000/01	fa_k0_orb_13530_v01.cdf	73	78	True	fa_esa_l2_eeb_20000120235756_13530_v02.cdf			True	fa_esa_l2_ees_20000120235757_13530_v02.cdf	223	321	True	fa_esa_l2_ieb_20000120235756_13530_v02.cdf			True	fa_esa_l2_ies_20000120235757_13530_v02.cdf	223	321
13531	./FAST_data/2000/01	fa_k0_orb_13531_v01.cdf	73	81	True	fa_esa_l2_eeb_20000121021115_13531_v02.cdf	199	374	True	fa_esa_l2_ees_20000121021116_13531_v02.cdf	116	303	True	fa_esa_l2_ieb_20000121021115_13531_v02.cdf	199	375	True	fa_esa_l2_ies_20000121021116_13531_v02.cdf	116	303
13532	./FAST_data/2000/01	fa_k0_orb_13532_v01.cdf	73	78	True	fa_esa_l2_eeb_20000121042413_13532_v02.cdf			True	fa_esa_l2_ees_20000121042414_13532_v02.cdf	93	131	True	fa_esa_l2_ieb_20000121042413_13532_v02.cdf			True	fa_esa_l2_ies_20000121042414_13532_v02.cdf	93	131
13540	./FAST_data/2000/01	fa_k0_orb_13540_v01.cdf	71	72	True	fa_esa_l2_eeb_20000121215648_13540_v02.cdf			True	fa_esa_l2_ees_20000121215649_13540_v02.cdf	271	299	True	fa_esa_l2_ieb_20000121215648_13540_v02.cdf			True	fa_esa_l2_ies_20000121215649_13540_v02.cdf	270	298
13541	./FAST_data/2000/01	fa_k0_orb_13541_v01.cdf	71	77	True	fa_esa_l2_eeb_20000122001002_13541_v02.cdf			True	fa_esa_l2_ees_20000122001003_13541_v02.cdf	161	294	True	fa_esa_l2_ieb_20000122001002_13541_v02.cdf			True	fa_esa_l2_ies_20000122001003_13541_v02.cdf	161	294
13542	./FAST_data/2000/01	fa_k0_orb_13542_v01.cdf	71	80	True	fa_esa_l2_eeb_20000122022316_13542_v02.cdf	114	373	True	fa_esa_l2_ees_20000122022317_13542_v02.cdf	102	293	True	fa_esa_l2_ieb_20000122022316_13542_v02.cdf	114	373	True	fa_esa_l2_ies_20000122022317_13542_v02.cdf	102	293
13543	./FAST_data/2000/01	fa_k0_orb_13543_v01.cdf	71	77	True	fa_esa_l2_eeb_20000122043611_13543_v02.cdf			True	fa_esa_l2_ees_20000122043612_13543_v02.cdf	81	127	True	fa_esa_l2_ieb_20000122043611_13543_v02.cdf			True	fa_esa_l2_ies_20000122043612_13543_v02.cdf	81	127
13551	./FAST_data/2000/01	fa_k0_orb_13551_v01.cdf	69	72	True	fa_esa_l2_eeb_20000122220848_13551_v02.cdf			True	fa_esa_l2_ees_20000122220849_13551_v02.cdf	271	295	True	fa_esa_l2_ieb_20000122220848_13551_v02.cdf			True	fa_esa_l2_ies_20000122220849_13551_v02.cdf	271	295
13552	./FAST_data/2000/01	fa_k0_orb_13552_v01.cdf	69	77	True	fa_esa_l2_eeb_20000123002203_13552_v02.cdf			True	fa_esa_l2_ees_20000123002204_13552_v02.cdf	203	264	True	fa_esa_l2_ieb_20000123002203_13552_v02.cdf			True	fa_esa_l2_ies_20000123002204_13552_v02.cdf	203	264
13553	./FAST_data/2000/01	fa_k0_orb_13553_v01.cdf	69	79	True	fa_esa_l2_eeb_20000123023519_13553_v02.cdf			True	fa_esa_l2_ees_20000123023520_13553_v02.cdf	174	281	True	fa_esa_l2_ieb_20000123023519_13553_v02.cdf			True	fa_esa_l2_ies_20000123023520_13553_v02.cdf	174	281
13562	./FAST_data/2000/01	fa_k0_orb_13562_v01.cdf	67	72	True	fa_esa_l2_eeb_20000123222050_13562_v02.cdf			True	fa_esa_l2_ees_20000123222051_13562_v02.cdf	185	291	True	fa_esa_l2_ieb_20000123222050_13562_v02.cdf			True	fa_esa_l2_ies_20000123222051_13562_v02.cdf	185	291
13563	./FAST_data/2000/01	fa_k0_orb_13563_v01.cdf	67	76	True	fa_esa_l2_eeb_20000124003406_13563_v02.cdf	114	372	True	fa_esa_l2_ees_20000124003407_13563_v02.cdf	101	335	True	fa_esa_l2_ieb_20000124003406_13563_v02.cdf	114	371	True	fa_esa_l2_ies_20000124003407_13563_v02.cdf	101	335
13565	./FAST_data/2000/01	fa_k0_orb_13565_v01.cdf	66	74	True	fa_esa_l2_eeb_20000124050003_13565_v02.cdf			True	fa_esa_l2_ees_20000124050005_13565_v02.cdf	47	108	True	fa_esa_l2_ieb_20000124050003_13565_v02.cdf			True	fa_esa_l2_ies_20000124050005_13565_v02.cdf	47	109
13566	./FAST_data/2000/01	fa_k0_orb_13566_v01.cdf	66	67	True	fa_esa_l2_eeb_20000124080356_13566_v02.cdf			True	fa_esa_l2_ees_20000124080357_13566_v02.cdf			True	fa_esa_l2_ieb_20000124080356_13566_v02.cdf			True	fa_esa_l2_ies_20000124080357_13566_v02.cdf		
13572	./FAST_data/2000/01	fa_k0_orb_13572_v01.cdf	65	66	True	fa_esa_l2_eeb_20000124201954_13572_v02.cdf			True	fa_esa_l2_ees_20000124201956_13572_v02.cdf	69	69	True	fa_esa_l2_ieb_20000124201954_13572_v02.cdf			True	fa_esa_l2_ies_20000124202001_13572_v02.cdf	66	67
13573	./FAST_data/2000/01	fa_k0_orb_13573_v01.cdf	65	72	True	fa_esa_l2_eeb_20000124231555_13573_v02.cdf			True	fa_esa_l2_ees_20000124231556_13573_v02.cdf			True	fa_esa_l2_ieb_20000124231555_13573_v02.cdf			True	fa_esa_l2_ies_20000124231556_13573_v02.cdf		
13574	./FAST_data/2000/01	fa_k0_orb_13574_v01.cdf	65	76	True	fa_esa_l2_eeb_20000125004604_13574_v02.cdf	114	370	True	fa_esa_l2_ees_20000125004605_13574_v02.cdf	108	389	True	fa_esa_l2_ieb_20000125004604_13574_v02.cdf	114	370	True	fa_esa_l2_ies_20000125004605_13574_v02.cdf	108	389
13575	./FAST_data/2000/01	fa_k0_orb_13575_v01.cdf	65	77	True	fa_esa_l2_eeb_20000125035204_13575_v02.cdf			True	fa_esa_l2_ees_20000125035205_13575_v02.cdf			True	fa_esa_l2_ieb_20000125035204_13575_v02.cdf			True	fa_esa_l2_ies_20000125035205_13575_v02.cdf		
13576	./FAST_data/2000/01	fa_k0_orb_13576_v01.cdf	64	73	True	fa_esa_l2_eeb_20000125051154_13576_v02.cdf			True	fa_esa_l2_ees_20000125051155_13576_v02.cdf	35	106	True	fa_esa_l2_ieb_20000125051154_13576_v02.cdf			True	fa_esa_l2_ies_20000125051155_13576_v02.cdf	35	106
13577	./FAST_data/2000/01	fa_k0_orb_13577_v01.cdf	65	66	True	fa_esa_l2_eeb_20000125072405_13577_v02.cdf			True	fa_esa_l2_ees_20000125072409_13577_v02.cdf	38	45	True	fa_esa_l2_ieb_20000125072405_13577_v02.cdf			True	fa_esa_l2_ies_20000125072407_13577_v02.cdf	39	46
13584	./FAST_data/2000/01	fa_k0_orb_13584_v01.cdf	63	72	True	fa_esa_l2_eeb_20000125224450_13584_v02.cdf	114	370	True	fa_esa_l2_ees_20000125224451_13584_v02.cdf	138	364	True	fa_esa_l2_ieb_20000125224450_13584_v02.cdf	114	370	True	fa_esa_l2_ies_20000125224451_13584_v02.cdf	138	364
13585	./FAST_data/2000/01	fa_k0_orb_13585_v01.cdf	63	76	True	fa_esa_l2_eeb_20000126005808_13585_v02.cdf	114	373	True	fa_esa_l2_ees_20000126005809_13585_v02.cdf	70	265	True	fa_esa_l2_ieb_20000126005808_13585_v02.cdf	114	373	True	fa_esa_l2_ies_20000126005809_13585_v02.cdf	70	265
13586	./FAST_data/2000/01	fa_k0_orb_13586_v01.cdf	63	76	True	fa_esa_l2_eeb_20000126040419_13586_v02.cdf			True	fa_esa_l2_ees_20000126040420_13586_v02.cdf			True	fa_esa_l2_ieb_20000126040419_13586_v02.cdf			True	fa_esa_l2_ies_20000126040420_13586_v02.cdf		
13587	./FAST_data/2000/01	fa_k0_orb_13587_v01.cdf	64	72	True	fa_esa_l2_eeb_20000126062242_13587_v02.cdf			True	fa_esa_l2_ees_20000126062032_13587_v02.cdf			True	fa_esa_l2_ieb_20000126062242_13587_v02.cdf			True	fa_esa_l2_ies_20000126062033_13587_v02.cdf		
13588	./FAST_data/2000/01	fa_k0_orb_13588_v01.cdf	65	65	True	fa_esa_l2_eeb_20000126073552_13588_v02.cdf			True	fa_esa_l2_ees_20000126073553_13588_v02.cdf			True	fa_esa_l2_ieb_20000126073552_13588_v02.cdf			True	fa_esa_l2_ies_20000126073553_13588_v02.cdf		
13594	./FAST_data/2000/01	fa_k0_orb_13594_v01.cdf	61	67	True	fa_esa_l2_eeb_20000126204344_13594_v02.cdf			True	fa_esa_l2_ees_20000126204345_13594_v02.cdf	143	332	True	fa_esa_l2_ieb_20000126204344_13594_v02.cdf			True	fa_esa_l2_ies_20000126204345_13594_v02.cdf	143	332
13595	./FAST_data/2000/01	fa_k0_orb_13595_v01.cdf	61	72	True	fa_esa_l2_eeb_20000126225648_13595_v02.cdf	114	631	True	fa_esa_l2_ees_20000126225649_13595_v02.cdf	119	324	True	fa_esa_l2_ieb_20000126225648_13595_v02.cdf	114	631	True	fa_esa_l2_ies_20000126225649_13595_v02.cdf	119	324
13596	./FAST_data/2000/01	fa_k0_orb_13596_v01.cdf	65	75	True	fa_esa_l2_eeb_20000127011002_13596_v02.cdf			True	fa_esa_l2_ees_20000127011003_13596_v02.cdf	120	322	True	fa_esa_l2_ieb_20000127011002_13596_v02.cdf			True	fa_esa_l2_ies_20000127011003_13596_v02.cdf	120	322
13597	./FAST_data/2000/01	fa_k0_orb_13597_v01.cdf	62	76	True	fa_esa_l2_eeb_20000127041634_13597_v02.cdf			True	fa_esa_l2_ees_20000127041635_13597_v02.cdf			True	fa_esa_l2_ieb_20000127041634_13597_v02.cdf			True	fa_esa_l2_ies_20000127041635_13597_v02.cdf		
13598	./FAST_data/2000/01	fa_k0_orb_13598_v01.cdf	63	71	True	fa_esa_l2_eeb_20000127053540_13598_v02.cdf			True	fa_esa_l2_ees_20000127053541_13598_v02.cdf	33	95	True	fa_esa_l2_ieb_20000127053540_13598_v02.cdf			True	fa_esa_l2_ies_20000127053541_13598_v02.cdf	33	95
13599	./FAST_data/2000/01	fa_k0_orb_13599_v01.cdf	64	65	True	fa_esa_l2_eeb_20000127074739_13599_v02.cdf			True	fa_esa_l2_ees_20000127074740_13599_v02.cdf	41	48	True	fa_esa_l2_ieb_20000127074739_13599_v02.cdf			True	fa_esa_l2_ies_20000127074740_13599_v02.cdf	41	48
13606	./FAST_data/2000/01	fa_k0_orb_13606_v01.cdf	59	72	True	fa_esa_l2_eeb_20000127230847_13606_v02.cdf	114	629	True	fa_esa_l2_ees_20000127230848_13606_v02.cdf	62	333	True	fa_esa_l2_ieb_20000127230847_13606_v02.cdf	114	629	True	fa_esa_l2_ies_20000127230848_13606_v02.cdf	59	330
13607	./FAST_data/2000/01	fa_k0_orb_13607_v01.cdf	59	75	True	fa_esa_l2_eeb_20000128012157_13607_v02.cdf			True	fa_esa_l2_ees_20000128012158_13607_v02.cdf	41	300	True	fa_esa_l2_ieb_20000128012157_13607_v02.cdf			True	fa_esa_l2_ies_20000128012158_13607_v02.cdf	41	301
13608	./FAST_data/2000/01	fa_k0_orb_13608_v01.cdf	61	75	True	fa_esa_l2_eeb_20000128033452_13608_v02.cdf			True	fa_esa_l2_ees_20000128033453_13608_v02.cdf	35	145	True	fa_esa_l2_ieb_20000128033452_13608_v02.cdf			True	fa_esa_l2_ies_20000128033453_13608_v02.cdf	35	145
13615	./FAST_data/2000/01	fa_k0_orb_13615_v01.cdf	57	62	True	fa_esa_l2_eeb_20000128185455_13615_v02.cdf			True	fa_esa_l2_ees_20000128185456_13615_v02.cdf	201	358	True	fa_esa_l2_ieb_20000128185455_13615_v02.cdf			True	fa_esa_l2_ies_20000128185456_13615_v02.cdf	201	358
13616	./FAST_data/2000/01	fa_k0_orb_13616_v01.cdf	57	67	True	fa_esa_l2_eeb_20000128210736_13616_v02.cdf	114	371	True	fa_esa_l2_ees_20000128210737_13616_v02.cdf	80	355	True	fa_esa_l2_ieb_20000128210736_13616_v02.cdf	114	371	True	fa_esa_l2_ies_20000128210737_13616_v02.cdf	80	355
13617	./FAST_data/2000/01	fa_k0_orb_13617_v01.cdf	67	72	True	fa_esa_l2_eeb_20000128232042_13617_v02.cdf			True	fa_esa_l2_ees_20000128232043_13617_v02.cdf	274	313	True	fa_esa_l2_ieb_20000128232042_13617_v02.cdf			True	fa_esa_l2_ies_20000128232043_13617_v02.cdf	274	313
13618	./FAST_data/2000/01	fa_k0_orb_13618_v01.cdf	59	75	True	fa_esa_l2_eeb_20000129014634_13618_v02.cdf			True	fa_esa_l2_ees_20000129030343_13618_v02.cdf			True	fa_esa_l2_ieb_20000129014634_13618_v02.cdf			True	fa_esa_l2_ies_20000129030338_13618_v02.cdf		
13620	./FAST_data/2000/01	fa_k0_orb_13620_v01.cdf	63	70	True	fa_esa_l2_eeb_20000129055911_13620_v02.cdf	114	626	True	fa_esa_l2_ees_20000129055912_13620_v02.cdf	42	245	True	fa_esa_l2_ieb_20000129055911_13620_v02.cdf	114	626	True	fa_esa_l2_ies_20000129055912_13620_v02.cdf	42	245
13621	./FAST_data/2000/01	fa_k0_orb_13621_v01.cdf	63	63	True	fa_esa_l2_eeb_20000129081107_13621_v02.cdf			True	fa_esa_l2_ees_20000129081108_13621_v02.cdf			True	fa_esa_l2_ieb_20000129081107_13621_v02.cdf			True	fa_esa_l2_ies_20000129081108_13621_v02.cdf		
13625	./FAST_data/2000/01	fa_k0_orb_13625_v01.cdf	56	57	True	fa_esa_l2_eeb_20000129165454_13625_v02.cdf			True	fa_esa_l2_ees_20000129165500_13625_v02.cdf	162	192	True	fa_esa_l2_ieb_20000129165454_13625_v02.cdf			True	fa_esa_l2_ies_20000129165455_13625_v02.cdf	164	194
13626	./FAST_data/2000/01	fa_k0_orb_13626_v01.cdf	55	62	True	fa_esa_l2_eeb_20000129190645_13626_v02.cdf			True	fa_esa_l2_ees_20000129190646_13626_v02.cdf	83	137	True	fa_esa_l2_ieb_20000129190645_13626_v02.cdf			True	fa_esa_l2_ies_20000129190646_13626_v02.cdf	83	137
13627	./FAST_data/2000/01	fa_k0_orb_13627_v01.cdf	55	67	True	fa_esa_l2_eeb_20000129220252_13627_v02.cdf			True	fa_esa_l2_ees_20000129220253_13627_v02.cdf			True	fa_esa_l2_ieb_20000129220252_13627_v02.cdf			True	fa_esa_l2_ies_20000129220253_13627_v02.cdf		
13628	./FAST_data/2000/01	fa_k0_orb_13628_v01.cdf	55	71	True	fa_esa_l2_eeb_20000130001654_13628_v02.cdf			True	fa_esa_l2_ees_20000130001655_13628_v02.cdf			True	fa_esa_l2_ieb_20000130001654_13628_v02.cdf			True	fa_esa_l2_ies_20000130001655_13628_v02.cdf		
13629	./FAST_data/2000/01	fa_k0_orb_13629_v01.cdf	58	74	True	fa_esa_l2_eeb_20000130023037_13629_v02.cdf			True	fa_esa_l2_ees_20000130023038_13629_v02.cdf			True	fa_esa_l2_ieb_20000130023037_13629_v02.cdf			True	fa_esa_l2_ies_20000130023038_13629_v02.cdf		
13630	./FAST_data/2000/01	fa_k0_orb_13630_v01.cdf	61	73	True	fa_esa_l2_eeb_20000130045314_13630_v02.cdf			True	fa_esa_l2_ees_20000130045315_13630_v02.cdf			True	fa_esa_l2_ieb_20000130045314_13630_v02.cdf			True	fa_esa_l2_ies_20000130045315_13630_v02.cdf		
13631	./FAST_data/2000/01	fa_k0_orb_13631_v01.cdf	62	69	True	fa_esa_l2_eeb_20000130061056_13631_v02.cdf			True	fa_esa_l2_ees_20000130061057_13631_v02.cdf	38	92	True	fa_esa_l2_ieb_20000130061056_13631_v02.cdf			True	fa_esa_l2_ies_20000130061057_13631_v02.cdf	38	92
13632	./FAST_data/2000/01	fa_k0_orb_13632_v01.cdf	62	63	True	fa_esa_l2_eeb_20000130082248_13632_v02.cdf			True	fa_esa_l2_ees_20000130082249_13632_v02.cdf	41	48	True	fa_esa_l2_ieb_20000130082248_13632_v02.cdf			True	fa_esa_l2_ies_20000130082249_13632_v02.cdf	41	48
13635	./FAST_data/2000/01	fa_k0_orb_13635_v01.cdf	54	55	True	fa_esa_l2_eeb_20000130154259_13635_v02.cdf			True	fa_esa_l2_ees_20000130154300_13635_v02.cdf			True	fa_esa_l2_ieb_20000130154259_13635_v02.cdf			True	fa_esa_l2_ies_20000130154300_13635_v02.cdf		
13636	./FAST_data/2000/01	fa_k0_orb_13636_v01.cdf	54	58	True	fa_esa_l2_eeb_20000130174814_13636_v02.cdf			True	fa_esa_l2_ees_20000130174815_13636_v02.cdf			True	fa_esa_l2_ieb_20000130174814_13636_v02.cdf			True	fa_esa_l2_ies_20000130174815_13636_v02.cdf		
13637	./FAST_data/2000/01	fa_k0_orb_13637_v01.cdf	54	62	True	fa_esa_l2_eeb_20000130200111_13637_v02.cdf			True	fa_esa_l2_ees_20000130200113_13637_v02.cdf			True	fa_esa_l2_ieb_20000130200111_13637_v02.cdf			True	fa_esa_l2_ies_20000130200113_13637_v02.cdf		
13638	./FAST_data/2000/01	fa_k0_orb_13638_v01.cdf	53	68	True	fa_esa_l2_eeb_20000130221505_13638_v02.cdf			True	fa_esa_l2_ees_20000130221506_13638_v02.cdf			True	fa_esa_l2_ieb_20000130221505_13638_v02.cdf			True	fa_esa_l2_ies_20000130221506_13638_v02.cdf		
13639	./FAST_data/2000/01	fa_k0_orb_13639_v01.cdf	55	71	True	fa_esa_l2_eeb_20000131002908_13639_v02.cdf			True	fa_esa_l2_ees_20000131002910_13639_v02.cdf			True	fa_esa_l2_ieb_20000131002908_13639_v02.cdf			True	fa_esa_l2_ies_20000131002910_13639_v02.cdf		
13649	./FAST_data/2000/01	fa_k0_orb_13649_v01.cdf	57	68	True	fa_esa_l2_eeb_20000131222714_13649_v02.cdf			True	fa_esa_l2_ees_20000131222715_13649_v02.cdf			True	fa_esa_l2_ieb_20000131222714_13649_v02.cdf			True	fa_esa_l2_ies_20000131222715_13649_v02.cdf		
13650	./FAST_data/2000/02	fa_k0_orb_13650_v01.cdf	55	71	True	fa_esa_l2_eeb_20000201004119_13650_v02.cdf			True	fa_esa_l2_ees_20000201004120_13650_v02.cdf			True	fa_esa_l2_ieb_20000201004119_13650_v02.cdf			True	fa_esa_l2_ies_20000201004120_13650_v02.cdf		
13654	./FAST_data/2000/02	fa_k0_orb_13654_v01.cdf	61	62	True	fa_esa_l2_eeb_20000201093835_13654_v02.cdf			True	fa_esa_l2_ees_20000201085933_13654_v02.cdf			True	fa_esa_l2_ieb_20000201093835_13654_v02.cdf			True	fa_esa_l2_ies_20000201085601_13654_v02.cdf		
13656	./FAST_data/2000/02	fa_k0_orb_13656_v01.cdf	55	55	True	fa_esa_l2_eeb_20000201135620_13656_v02.cdf			True	fa_esa_l2_ees_20000201135621_13656_v02.cdf			True	fa_esa_l2_ieb_20000201135620_13656_v02.cdf			True	fa_esa_l2_ies_20000201135621_13656_v02.cdf		
13658	./FAST_data/2000/02	fa_k0_orb_13658_v01.cdf	50	58	True	fa_esa_l2_eeb_20000201182617_13658_v02.cdf			True	fa_esa_l2_ees_20000201182311_13658_v02.cdf			True	fa_esa_l2_ieb_20000201182617_13658_v02.cdf			True	fa_esa_l2_ies_20000201182306_13658_v02.cdf		
13659	./FAST_data/2000/02	fa_k0_orb_13659_v01.cdf	50	63	True	fa_esa_l2_eeb_20000201202530_13659_v02.cdf			True	fa_esa_l2_ees_20000201202531_13659_v02.cdf			True	fa_esa_l2_ieb_20000201202530_13659_v02.cdf			True	fa_esa_l2_ies_20000201202531_13659_v02.cdf		
13660	./FAST_data/2000/02	fa_k0_orb_13660_v01.cdf	52	67	True	fa_esa_l2_eeb_20000201223930_13660_v02.cdf			True	fa_esa_l2_ees_20000201223931_13660_v02.cdf			True	fa_esa_l2_ieb_20000201223930_13660_v02.cdf			True	fa_esa_l2_ies_20000201223931_13660_v02.cdf		
13661	./FAST_data/2000/02	fa_k0_orb_13661_v01.cdf	55	70	True	fa_esa_l2_eeb_20000202005326_13661_v02.cdf			True	fa_esa_l2_ees_20000202005327_13661_v02.cdf			True	fa_esa_l2_ieb_20000202005326_13661_v02.cdf			True	fa_esa_l2_ies_20000202005327_13661_v02.cdf		
13662	./FAST_data/2000/02	fa_k0_orb_13662_v01.cdf	58	73	True	fa_esa_l2_eeb_20000202030656_13662_v02.cdf			True	fa_esa_l2_ees_20000202030657_13662_v02.cdf			True	fa_esa_l2_ieb_20000202030656_13662_v02.cdf			True	fa_esa_l2_ies_20000202030657_13662_v02.cdf		
13663	./FAST_data/2000/02	fa_k0_orb_13663_v01.cdf	60	71	True	fa_esa_l2_eeb_20000202052942_13663_v02.cdf			True	fa_esa_l2_ees_20000202052943_13663_v02.cdf			True	fa_esa_l2_ieb_20000202052942_13663_v02.cdf			True	fa_esa_l2_ies_20000202052943_13663_v02.cdf		
13664	./FAST_data/2000/02	fa_k0_orb_13664_v01.cdf	61	67	True	fa_esa_l2_eeb_20000202074042_13664_v02.cdf			True	fa_esa_l2_ees_20000202074043_13664_v02.cdf			True	fa_esa_l2_ieb_20000202074042_13664_v02.cdf			True	fa_esa_l2_ies_20000202074043_13664_v02.cdf		
13665	./FAST_data/2000/02	fa_k0_orb_13665_v01.cdf	60	61	True	fa_esa_l2_eeb_20000202085735_13665_v02.cdf			True	fa_esa_l2_ees_20000202085736_13665_v02.cdf	44	51	True	fa_esa_l2_ieb_20000202085735_13665_v02.cdf			True	fa_esa_l2_ies_20000202085736_13665_v02.cdf	44	51
13667	./FAST_data/2000/02	fa_k0_orb_13667_v01.cdf	54	55	True	fa_esa_l2_eeb_20000202131919_13667_v02.cdf			True	fa_esa_l2_ees_20000202131920_13667_v02.cdf	50	57	True	fa_esa_l2_ieb_20000202131919_13667_v02.cdf			True	fa_esa_l2_ies_20000202131920_13667_v02.cdf	50	57
13668	./FAST_data/2000/02	fa_k0_orb_13668_v01.cdf	50	56	True	fa_esa_l2_eeb_20000202161149_13668_v02.cdf			True	fa_esa_l2_ees_20000202161150_13668_v02.cdf			True	fa_esa_l2_ieb_20000202161149_13668_v02.cdf			True	fa_esa_l2_ies_20000202161150_13668_v02.cdf		
13669	./FAST_data/2000/02	fa_k0_orb_13669_v01.cdf	49	59	True	fa_esa_l2_eeb_20000202182410_13669_v02.cdf			True	fa_esa_l2_ees_20000202182411_13669_v02.cdf			True	fa_esa_l2_ieb_20000202182410_13669_v02.cdf			True	fa_esa_l2_ies_20000202182411_13669_v02.cdf		
13670	./FAST_data/2000/02	fa_k0_orb_13670_v01.cdf	49	63	True	fa_esa_l2_eeb_20000202203736_13670_v02.cdf			True	fa_esa_l2_ees_20000202203737_13670_v02.cdf			True	fa_esa_l2_ieb_20000202203736_13670_v02.cdf			True	fa_esa_l2_ies_20000202203737_13670_v02.cdf		
13671	./FAST_data/2000/02	fa_k0_orb_13671_v01.cdf	56	68	True	fa_esa_l2_eeb_20000202225138_13671_v02.cdf			True	fa_esa_l2_ees_20000202225139_13671_v02.cdf			True	fa_esa_l2_ieb_20000202225138_13671_v02.cdf			True	fa_esa_l2_ies_20000202225139_13671_v02.cdf		
13672	./FAST_data/2000/02	fa_k0_orb_13672_v01.cdf	55	70	True	fa_esa_l2_eeb_20000203010534_13672_v02.cdf			True	fa_esa_l2_ees_20000203010535_13672_v02.cdf			True	fa_esa_l2_ieb_20000203010534_13672_v02.cdf			True	fa_esa_l2_ies_20000203010535_13672_v02.cdf		
13673	./FAST_data/2000/02	fa_k0_orb_13673_v01.cdf	58	72	True	fa_esa_l2_eeb_20000203031901_13673_v02.cdf			True	fa_esa_l2_ees_20000203031902_13673_v02.cdf			True	fa_esa_l2_ieb_20000203031901_13673_v02.cdf			True	fa_esa_l2_ies_20000203031902_13673_v02.cdf		
13674	./FAST_data/2000/02	fa_k0_orb_13674_v01.cdf	59	70	True	fa_esa_l2_eeb_20000203054143_13674_v02.cdf			True	fa_esa_l2_ees_20000203054144_13674_v02.cdf			True	fa_esa_l2_ieb_20000203054143_13674_v02.cdf			True	fa_esa_l2_ies_20000203054144_13674_v02.cdf		
13675	./FAST_data/2000/02	fa_k0_orb_13675_v01.cdf	60	66	True	fa_esa_l2_eeb_20000203065736_13675_v02.cdf			True	fa_esa_l2_ees_20000203065737_13675_v02.cdf	40	87	True	fa_esa_l2_ieb_20000203065736_13675_v02.cdf			True	fa_esa_l2_ies_20000203065737_13675_v02.cdf	40	87
13676	./FAST_data/2000/02	fa_k0_orb_13676_v01.cdf	59	61	True	fa_esa_l2_eeb_20000203090912_13676_v02.cdf			True	fa_esa_l2_ees_20000203090913_13676_v02.cdf	41	56	True	fa_esa_l2_ieb_20000203090912_13676_v02.cdf			True	fa_esa_l2_ies_20000203090913_13676_v02.cdf	41	56
13677	./FAST_data/2000/02	fa_k0_orb_13677_v01.cdf	57	57	True	fa_esa_l2_eeb_20000203112013_13677_v02.cdf			True	fa_esa_l2_ees_20000203112017_13677_v02.cdf			True	fa_esa_l2_ieb_20000203112013_13677_v02.cdf			True	fa_esa_l2_ies_20000203112017_13677_v02.cdf		
13678	./FAST_data/2000/02	fa_k0_orb_13678_v01.cdf	53	55	True	fa_esa_l2_eeb_20000203141947_13678_v02.cdf			True	fa_esa_l2_ees_20000203141948_13678_v02.cdf			True	fa_esa_l2_ieb_20000203141947_13678_v02.cdf			True	fa_esa_l2_ies_20000203141953_13678_v02.cdf		
13679	./FAST_data/2000/02	fa_k0_orb_13679_v01.cdf	50	56	True	fa_esa_l2_eeb_20000203162340_13679_v02.cdf			True	fa_esa_l2_ees_20000203162341_13679_v02.cdf			True	fa_esa_l2_ieb_20000203162340_13679_v02.cdf			True	fa_esa_l2_ies_20000203162341_13679_v02.cdf		
13680	./FAST_data/2000/02	fa_k0_orb_13680_v01.cdf	48	59	True	fa_esa_l2_eeb_20000203183607_13680_v02.cdf			True	fa_esa_l2_ees_20000203183608_13680_v02.cdf			True	fa_esa_l2_ieb_20000203183607_13680_v02.cdf			True	fa_esa_l2_ies_20000203183608_13680_v02.cdf		
13681	./FAST_data/2000/02	fa_k0_orb_13681_v01.cdf	49	63	True	fa_esa_l2_eeb_20000203204944_13681_v02.cdf			True	fa_esa_l2_ees_20000203204945_13681_v02.cdf			True	fa_esa_l2_ieb_20000203204944_13681_v02.cdf			True	fa_esa_l2_ies_20000203204945_13681_v02.cdf		
13682	./FAST_data/2000/02	fa_k0_orb_13682_v01.cdf	52	68	True	fa_esa_l2_eeb_20000203230347_13682_v02.cdf			True	fa_esa_l2_ees_20000203230348_13682_v02.cdf			True	fa_esa_l2_ieb_20000203230347_13682_v02.cdf			True	fa_esa_l2_ies_20000203230348_13682_v02.cdf		
13683	./FAST_data/2000/02	fa_k0_orb_13683_v01.cdf	55	71	True	fa_esa_l2_eeb_20000204011744_13683_v02.cdf			True	fa_esa_l2_ees_20000204011746_13683_v02.cdf			True	fa_esa_l2_ieb_20000204011744_13683_v02.cdf			True	fa_esa_l2_ies_20000204011746_13683_v02.cdf		
13684	./FAST_data/2000/02	fa_k0_orb_13684_v01.cdf	57	72	True	fa_esa_l2_eeb_20000204033102_13684_v02.cdf			True	fa_esa_l2_ees_20000204033103_13684_v02.cdf			True	fa_esa_l2_ieb_20000204033102_13684_v02.cdf			True	fa_esa_l2_ies_20000204033103_13684_v02.cdf		
13685	./FAST_data/2000/02	fa_k0_orb_13685_v01.cdf	59	69	True	fa_esa_l2_eeb_20000204055345_13685_v02.cdf			True	fa_esa_l2_ees_20000204055346_13685_v02.cdf			True	fa_esa_l2_ieb_20000204055345_13685_v02.cdf			True	fa_esa_l2_ies_20000204055346_13685_v02.cdf		
13686	./FAST_data/2000/02	fa_k0_orb_13686_v01.cdf	60	65	True	fa_esa_l2_eeb_20000204070914_13686_v02.cdf			True	fa_esa_l2_ees_20000204070915_13686_v02.cdf	44	83	True	fa_esa_l2_ieb_20000204070914_13686_v02.cdf			True	fa_esa_l2_ies_20000204070915_13686_v02.cdf	44	83
13687	./FAST_data/2000/02	fa_k0_orb_13687_v01.cdf	59	60	True	fa_esa_l2_eeb_20000204092046_13687_v02.cdf			True	fa_esa_l2_ees_20000204092047_13687_v02.cdf	47	54	True	fa_esa_l2_ieb_20000204092046_13687_v02.cdf			True	fa_esa_l2_ies_20000204092047_13687_v02.cdf	47	54
13688	./FAST_data/2000/02	fa_k0_orb_13688_v01.cdf	56	57	True	fa_esa_l2_eeb_20000204113138_13688_v02.cdf			True	fa_esa_l2_ees_20000204113139_13688_v02.cdf	50	57	True	fa_esa_l2_ieb_20000204113138_13688_v02.cdf			True	fa_esa_l2_ies_20000204113139_13688_v02.cdf	50	57
13689	./FAST_data/2000/02	fa_k0_orb_13689_v01.cdf	52	56	True	fa_esa_l2_eeb_20000204142416_13689_v02.cdf			True	fa_esa_l2_ees_20000204142417_13689_v02.cdf			True	fa_esa_l2_ieb_20000204142416_13689_v02.cdf			True	fa_esa_l2_ies_20000204142417_13689_v02.cdf		
13690	./FAST_data/2000/02	fa_k0_orb_13690_v01.cdf	49	56	True	fa_esa_l2_eeb_20000204163533_13690_v02.cdf			True	fa_esa_l2_ees_20000204163534_13690_v02.cdf			True	fa_esa_l2_ieb_20000204163533_13690_v02.cdf			True	fa_esa_l2_ies_20000204163534_13690_v02.cdf		
13691	./FAST_data/2000/02	fa_k0_orb_13691_v01.cdf	48	59	True	fa_esa_l2_eeb_20000204184811_13691_v02.cdf			True	fa_esa_l2_ees_20000204184812_13691_v02.cdf			True	fa_esa_l2_ieb_20000204184811_13691_v02.cdf			True	fa_esa_l2_ies_20000204184812_13691_v02.cdf		
13692	./FAST_data/2000/02	fa_k0_orb_13692_v01.cdf	49	64	True	fa_esa_l2_eeb_20000204210154_13692_v02.cdf			True	fa_esa_l2_ees_20000204210155_13692_v02.cdf			True	fa_esa_l2_ieb_20000204210154_13692_v02.cdf			True	fa_esa_l2_ies_20000204210155_13692_v02.cdf		
13693	./FAST_data/2000/02	fa_k0_orb_13693_v01.cdf	52	68	True	fa_esa_l2_eeb_20000204231558_13693_v02.cdf			True	fa_esa_l2_ees_20000204231559_13693_v02.cdf			True	fa_esa_l2_ieb_20000204231558_13693_v02.cdf			True	fa_esa_l2_ies_20000204231559_13693_v02.cdf		
13694	./FAST_data/2000/02	fa_k0_orb_13694_v01.cdf	55	70	True	fa_esa_l2_eeb_20000205012952_13694_v02.cdf			True	fa_esa_l2_ees_20000205012953_13694_v02.cdf			True	fa_esa_l2_ieb_20000205012952_13694_v02.cdf			True	fa_esa_l2_ies_20000205012953_13694_v02.cdf		
13695	./FAST_data/2000/02	fa_k0_orb_13695_v01.cdf	57	71	True	fa_esa_l2_eeb_20000205034306_13695_v02.cdf			True	fa_esa_l2_ees_20000205034307_13695_v02.cdf			True	fa_esa_l2_ieb_20000205034306_13695_v02.cdf			True	fa_esa_l2_ies_20000205034307_13695_v02.cdf		
13696	./FAST_data/2000/02	fa_k0_orb_13696_v01.cdf	59	69	True	fa_esa_l2_eeb_20000205060550_13696_v02.cdf			True	fa_esa_l2_ees_20000205060551_13696_v02.cdf			True	fa_esa_l2_ieb_20000205060550_13696_v02.cdf			True	fa_esa_l2_ies_20000205060551_13696_v02.cdf		
13697	./FAST_data/2000/02	fa_k0_orb_13697_v01.cdf	59	65	True	fa_esa_l2_eeb_20000205072055_13697_v02.cdf			True	fa_esa_l2_ees_20000205072056_13697_v02.cdf	39	86	True	fa_esa_l2_ieb_20000205072055_13697_v02.cdf			True	fa_esa_l2_ies_20000205072056_13697_v02.cdf	39	86
13698	./FAST_data/2000/02	fa_k0_orb_13698_v01.cdf	58	60	True	fa_esa_l2_eeb_20000205093218_13698_v02.cdf			True	fa_esa_l2_ees_20000205093219_13698_v02.cdf	45	60	True	fa_esa_l2_ieb_20000205093218_13698_v02.cdf			True	fa_esa_l2_ies_20000205093219_13698_v02.cdf	45	60
13699	./FAST_data/2000/02	fa_k0_orb_13699_v01.cdf	55	57	True	fa_esa_l2_eeb_20000205114311_13699_v02.cdf			True	fa_esa_l2_ees_20000205114312_13699_v02.cdf	48	62	True	fa_esa_l2_ieb_20000205114311_13699_v02.cdf			True	fa_esa_l2_ies_20000205114312_13699_v02.cdf	48	62
13700	./FAST_data/2000/02	fa_k0_orb_13700_v01.cdf	51	56	True	fa_esa_l2_eeb_20000205143558_13700_v02.cdf			True	fa_esa_l2_ees_20000205143559_13700_v02.cdf			True	fa_esa_l2_ieb_20000205143558_13700_v02.cdf			True	fa_esa_l2_ies_20000205143559_13700_v02.cdf		
13701	./FAST_data/2000/02	fa_k0_orb_13701_v01.cdf	48	57	True	fa_esa_l2_eeb_20000205164726_13701_v02.cdf			True	fa_esa_l2_ees_20000205164727_13701_v02.cdf			True	fa_esa_l2_ieb_20000205164726_13701_v02.cdf			True	fa_esa_l2_ies_20000205164727_13701_v02.cdf		
13702	./FAST_data/2000/02	fa_k0_orb_13702_v01.cdf	47	60	True	fa_esa_l2_eeb_20000205190026_13702_v02.cdf			True	fa_esa_l2_ees_20000205190027_13702_v02.cdf			True	fa_esa_l2_ieb_20000205190026_13702_v02.cdf			True	fa_esa_l2_ies_20000205190027_13702_v02.cdf		
13703	./FAST_data/2000/02	fa_k0_orb_13703_v01.cdf	49	64	True	fa_esa_l2_eeb_20000205211400_13703_v02.cdf			True	fa_esa_l2_ees_20000205211401_13703_v02.cdf			True	fa_esa_l2_ieb_20000205211400_13703_v02.cdf			True	fa_esa_l2_ies_20000205211401_13703_v02.cdf		
13704	./FAST_data/2000/02	fa_k0_orb_13704_v01.cdf	52	67	True	fa_esa_l2_eeb_20000205232810_13704_v02.cdf			True	fa_esa_l2_ees_20000205232811_13704_v02.cdf			True	fa_esa_l2_ieb_20000205232810_13704_v02.cdf			True	fa_esa_l2_ies_20000205232811_13704_v02.cdf		
13705	./FAST_data/2000/02	fa_k0_orb_13705_v01.cdf	55	70	True	fa_esa_l2_eeb_20000206014200_13705_v02.cdf			True	fa_esa_l2_ees_20000206014202_13705_v02.cdf			True	fa_esa_l2_ieb_20000206014200_13705_v02.cdf			True	fa_esa_l2_ies_20000206014202_13705_v02.cdf		
13706	./FAST_data/2000/02	fa_k0_orb_13706_v01.cdf	57	71	True	fa_esa_l2_eeb_20000206035505_13706_v02.cdf			True	fa_esa_l2_ees_20000206035506_13706_v02.cdf			True	fa_esa_l2_ieb_20000206035505_13706_v02.cdf			True	fa_esa_l2_ies_20000206035506_13706_v02.cdf		
13707	./FAST_data/2000/02	fa_k0_orb_13707_v01.cdf	58	68	True	fa_esa_l2_eeb_20000206060700_13707_v02.cdf			True	fa_esa_l2_ees_20000206060701_13707_v02.cdf			True	fa_esa_l2_ieb_20000206060700_13707_v02.cdf			True	fa_esa_l2_ies_20000206060701_13707_v02.cdf		
13708	./FAST_data/2000/02	fa_k0_orb_13708_v01.cdf	58	64	True	fa_esa_l2_eeb_20000206073226_13708_v02.cdf			True	fa_esa_l2_ees_20000206073227_13708_v02.cdf	37	83	True	fa_esa_l2_ieb_20000206073226_13708_v02.cdf			True	fa_esa_l2_ies_20000206073227_13708_v02.cdf	37	83
13709	./FAST_data/2000/02	fa_k0_orb_13709_v01.cdf	57	60	True	fa_esa_l2_eeb_20000206094345_13709_v02.cdf			True	fa_esa_l2_ees_20000206094346_13709_v02.cdf	45	67	True	fa_esa_l2_ieb_20000206094345_13709_v02.cdf			True	fa_esa_l2_ies_20000206094346_13709_v02.cdf	45	67
13710	./FAST_data/2000/02	fa_k0_orb_13710_v01.cdf	54	57	True	fa_esa_l2_eeb_20000206115434_13710_v02.cdf			True	fa_esa_l2_ees_20000206115435_13710_v02.cdf	48	71	True	fa_esa_l2_ieb_20000206115434_13710_v02.cdf			True	fa_esa_l2_ies_20000206115435_13710_v02.cdf	48	71
13711	./FAST_data/2000/02	fa_k0_orb_13711_v01.cdf	50	56	True	fa_esa_l2_eeb_20000206144740_13711_v02.cdf			True	fa_esa_l2_ees_20000206144741_13711_v02.cdf			True	fa_esa_l2_ieb_20000206144740_13711_v02.cdf			True	fa_esa_l2_ies_20000206144741_13711_v02.cdf		
13712	./FAST_data/2000/02	fa_k0_orb_13712_v01.cdf	47	57	True	fa_esa_l2_eeb_20000206165920_13712_v02.cdf			True	fa_esa_l2_ees_20000206165921_13712_v02.cdf			True	fa_esa_l2_ieb_20000206165920_13712_v02.cdf			True	fa_esa_l2_ies_20000206165921_13712_v02.cdf		
13713	./FAST_data/2000/02	fa_k0_orb_13713_v01.cdf	47	60	True	fa_esa_l2_eeb_20000206191215_13713_v02.cdf			True	fa_esa_l2_ees_20000206191217_13713_v02.cdf			True	fa_esa_l2_ieb_20000206191215_13713_v02.cdf			True	fa_esa_l2_ies_20000206191217_13713_v02.cdf		
13714	./FAST_data/2000/02	fa_k0_orb_13714_v01.cdf	49	64	True	fa_esa_l2_eeb_20000206212611_13714_v02.cdf			True	fa_esa_l2_ees_20000206212613_13714_v02.cdf			True	fa_esa_l2_ieb_20000206212611_13714_v02.cdf			True	fa_esa_l2_ies_20000206212613_13714_v02.cdf		
13715	./FAST_data/2000/02	fa_k0_orb_13715_v01.cdf	51	67	True	fa_esa_l2_eeb_20000206234023_13715_v02.cdf			True	fa_esa_l2_ees_20000206234024_13715_v02.cdf			True	fa_esa_l2_ieb_20000206234023_13715_v02.cdf			True	fa_esa_l2_ies_20000206234024_13715_v02.cdf		
13716	./FAST_data/2000/02	fa_k0_orb_13716_v01.cdf	54	70	True	fa_esa_l2_eeb_20000207015410_13716_v02.cdf			True	fa_esa_l2_ees_20000207015411_13716_v02.cdf			True	fa_esa_l2_ieb_20000207015410_13716_v02.cdf			True	fa_esa_l2_ies_20000207015411_13716_v02.cdf		
13717	./FAST_data/2000/02	fa_k0_orb_13717_v01.cdf	57	70	True	fa_esa_l2_eeb_20000207040706_13717_v02.cdf			True	fa_esa_l2_ees_20000207040707_13717_v02.cdf			True	fa_esa_l2_ieb_20000207040706_13717_v02.cdf			True	fa_esa_l2_ies_20000207040707_13717_v02.cdf		
13718	./FAST_data/2000/02	fa_k0_orb_13718_v01.cdf	58	68	True	fa_esa_l2_eeb_20000207061851_13718_v02.cdf			True	fa_esa_l2_ees_20000207061852_13718_v02.cdf			True	fa_esa_l2_ieb_20000207061851_13718_v02.cdf			True	fa_esa_l2_ies_20000207061852_13718_v02.cdf		
13719	./FAST_data/2000/02	fa_k0_orb_13719_v01.cdf	58	63	True	fa_esa_l2_eeb_20000207074358_13719_v02.cdf			True	fa_esa_l2_ees_20000207074359_13719_v02.cdf	42	80	True	fa_esa_l2_ieb_20000207074358_13719_v02.cdf			True	fa_esa_l2_ies_20000207074359_13719_v02.cdf	42	80
13720	./FAST_data/2000/02	fa_k0_orb_13720_v01.cdf	56	59	True	fa_esa_l2_eeb_20000207095519_13720_v02.cdf			True	fa_esa_l2_ees_20000207095520_13720_v02.cdf	41	64	True	fa_esa_l2_ieb_20000207095519_13720_v02.cdf			True	fa_esa_l2_ies_20000207095520_13720_v02.cdf	41	64
13721	./FAST_data/2000/02	fa_k0_orb_13721_v01.cdf	53	56	True	fa_esa_l2_eeb_20000207120604_13721_v02.cdf			True	fa_esa_l2_ees_20000207120605_13721_v02.cdf	46	69	True	fa_esa_l2_ieb_20000207120604_13721_v02.cdf			True	fa_esa_l2_ies_20000207120605_13721_v02.cdf	46	69
13722	./FAST_data/2000/02	fa_k0_orb_13722_v01.cdf	49	56	True	fa_esa_l2_eeb_20000207145927_13722_v02.cdf			True	fa_esa_l2_ees_20000207145928_13722_v02.cdf			True	fa_esa_l2_ieb_20000207145927_13722_v02.cdf			True	fa_esa_l2_ies_20000207145928_13722_v02.cdf		
13723	./FAST_data/2000/02	fa_k0_orb_13723_v01.cdf	47	57	True	fa_esa_l2_eeb_20000207171113_13723_v02.cdf			True	fa_esa_l2_ees_20000207171114_13723_v02.cdf			True	fa_esa_l2_ieb_20000207171113_13723_v02.cdf			True	fa_esa_l2_ies_20000207171114_13723_v02.cdf		
13724	./FAST_data/2000/02	fa_k0_orb_13724_v01.cdf	47	60	True	fa_esa_l2_eeb_20000207192420_13724_v02.cdf			True	fa_esa_l2_ees_20000207192421_13724_v02.cdf			True	fa_esa_l2_ieb_20000207192420_13724_v02.cdf			True	fa_esa_l2_ies_20000207192421_13724_v02.cdf		
13725	./FAST_data/2000/02	fa_k0_orb_13725_v01.cdf	55	64	True	fa_esa_l2_eeb_20000207213823_13725_v02.cdf			True	fa_esa_l2_ees_20000207213824_13725_v02.cdf			True	fa_esa_l2_ieb_20000207213823_13725_v02.cdf			True	fa_esa_l2_ies_20000207213824_13725_v02.cdf		
13726	./FAST_data/2000/02	fa_k0_orb_13726_v01.cdf	51	67	True	fa_esa_l2_eeb_20000207235231_13726_v02.cdf			True	fa_esa_l2_ees_20000207235232_13726_v02.cdf			True	fa_esa_l2_ieb_20000207235231_13726_v02.cdf			True	fa_esa_l2_ies_20000207235232_13726_v02.cdf		
13727	./FAST_data/2000/02	fa_k0_orb_13727_v01.cdf	54	70	True	fa_esa_l2_eeb_20000208020613_13727_v02.cdf			True	fa_esa_l2_ees_20000208020614_13727_v02.cdf			True	fa_esa_l2_ieb_20000208020613_13727_v02.cdf			True	fa_esa_l2_ies_20000208020614_13727_v02.cdf		
13728	./FAST_data/2000/02	fa_k0_orb_13728_v01.cdf	56	70	True	fa_esa_l2_eeb_20000208041901_13728_v02.cdf			True	fa_esa_l2_ees_20000208041902_13728_v02.cdf			True	fa_esa_l2_ieb_20000208041901_13728_v02.cdf			True	fa_esa_l2_ies_20000208041902_13728_v02.cdf		
13729	./FAST_data/2000/02	fa_k0_orb_13729_v01.cdf	58	67	True	fa_esa_l2_eeb_20000208063038_13729_v02.cdf			True	fa_esa_l2_ees_20000208063039_13729_v02.cdf			True	fa_esa_l2_ieb_20000208063038_13729_v02.cdf			True	fa_esa_l2_ies_20000208063039_13729_v02.cdf		
13730	./FAST_data/2000/02	fa_k0_orb_13730_v01.cdf	57	63	True	fa_esa_l2_eeb_20000208075530_13730_v02.cdf			True	fa_esa_l2_ees_20000208075531_13730_v02.cdf	39	85	True	fa_esa_l2_ieb_20000208075530_13730_v02.cdf			True	fa_esa_l2_ies_20000208075531_13730_v02.cdf	39	85
13731	./FAST_data/2000/02	fa_k0_orb_13731_v01.cdf	56	59	True	fa_esa_l2_eeb_20000208100642_13731_v02.cdf			True	fa_esa_l2_ees_20000208100643_13731_v02.cdf	49	72	True	fa_esa_l2_ieb_20000208100642_13731_v02.cdf			True	fa_esa_l2_ies_20000208100643_13731_v02.cdf	49	72
13733	./FAST_data/2000/02	fa_k0_orb_13733_v01.cdf	48	56	True	fa_esa_l2_eeb_20000208151109_13733_v02.cdf			True	fa_esa_l2_ees_20000208160220_13733_v02.cdf			True	fa_esa_l2_ieb_20000208151110_13733_v02.cdf			True	fa_esa_l2_ies_20000208160215_13733_v02.cdf		
13734	./FAST_data/2000/02	fa_k0_orb_13734_v01.cdf	46	57	True	fa_esa_l2_eeb_20000208172311_13734_v02.cdf			True	fa_esa_l2_ees_20000208172312_13734_v02.cdf			True	fa_esa_l2_ieb_20000208172311_13734_v02.cdf			True	fa_esa_l2_ies_20000208172312_13734_v02.cdf		
13735	./FAST_data/2000/02	fa_k0_orb_13735_v01.cdf	46	60	True	fa_esa_l2_eeb_20000208193630_13735_v02.cdf			True	fa_esa_l2_ees_20000208193631_13735_v02.cdf			True	fa_esa_l2_ieb_20000208193630_13735_v02.cdf			True	fa_esa_l2_ies_20000208193631_13735_v02.cdf		
13736	./FAST_data/2000/02	fa_k0_orb_13736_v01.cdf	54	64	True	fa_esa_l2_eeb_20000208215034_13736_v02.cdf			True	fa_esa_l2_ees_20000208215040_13736_v02.cdf			True	fa_esa_l2_ieb_20000208215034_13736_v02.cdf			True	fa_esa_l2_ies_20000208215035_13736_v02.cdf		
13737	./FAST_data/2000/02	fa_k0_orb_13737_v01.cdf	51	67	True	fa_esa_l2_eeb_20000209000438_13737_v02.cdf			True	fa_esa_l2_ees_20000209000439_13737_v02.cdf			True	fa_esa_l2_ieb_20000209000438_13737_v02.cdf			True	fa_esa_l2_ies_20000209000439_13737_v02.cdf		
13738	./FAST_data/2000/02	fa_k0_orb_13738_v01.cdf	54	69	True	fa_esa_l2_eeb_20000209021812_13738_v02.cdf			True	fa_esa_l2_ees_20000209021813_13738_v02.cdf			True	fa_esa_l2_ieb_20000209021812_13738_v02.cdf			True	fa_esa_l2_ies_20000209021813_13738_v02.cdf		
13739	./FAST_data/2000/02	fa_k0_orb_13739_v01.cdf	57	69	True	fa_esa_l2_eeb_20000209043051_13739_v02.cdf			True	fa_esa_l2_ees_20000209043052_13739_v02.cdf			True	fa_esa_l2_ieb_20000209043051_13739_v02.cdf			True	fa_esa_l2_ies_20000209043052_13739_v02.cdf		
13740	./FAST_data/2000/02	fa_k0_orb_13740_v01.cdf	58	67	True	fa_esa_l2_eeb_20000209055514_13740_v02.cdf	114	379	True	fa_esa_l2_ees_20000209055515_13740_v02.cdf	44	114	True	fa_esa_l2_ieb_20000209055514_13740_v02.cdf	114	379	True	fa_esa_l2_ies_20000209055515_13740_v02.cdf	44	114
13741	./FAST_data/2000/02	fa_k0_orb_13741_v01.cdf	57	63	True	fa_esa_l2_eeb_20000209080657_13741_v02.cdf			True	fa_esa_l2_ees_20000209080658_13741_v02.cdf	42	88	True	fa_esa_l2_ieb_20000209080657_13741_v02.cdf			True	fa_esa_l2_ies_20000209080658_13741_v02.cdf	42	88
13742	./FAST_data/2000/02	fa_k0_orb_13742_v01.cdf	55	59	True	fa_esa_l2_eeb_20000209101800_13742_v02.cdf			True	fa_esa_l2_ees_20000209101801_13742_v02.cdf	48	78	True	fa_esa_l2_ieb_20000209101800_13742_v02.cdf			True	fa_esa_l2_ies_20000209101801_13742_v02.cdf	48	78
13743	./FAST_data/2000/02	fa_k0_orb_13743_v01.cdf	52	56	True	fa_esa_l2_eeb_20000209131202_13743_v02.cdf			True	fa_esa_l2_ees_20000209131203_13743_v02.cdf			True	fa_esa_l2_ieb_20000209131202_13743_v02.cdf			True	fa_esa_l2_ies_20000209131203_13743_v02.cdf		
13744	./FAST_data/2000/02	fa_k0_orb_13744_v01.cdf	48	56	True	fa_esa_l2_eeb_20000209152250_13744_v02.cdf			True	fa_esa_l2_ees_20000209152251_13744_v02.cdf			True	fa_esa_l2_ieb_20000209152250_13744_v02.cdf			True	fa_esa_l2_ies_20000209152251_13744_v02.cdf		
13745	./FAST_data/2000/02	fa_k0_orb_13745_v01.cdf	46	58	True	fa_esa_l2_eeb_20000209173459_13745_v02.cdf			True	fa_esa_l2_ees_20000209173500_13745_v02.cdf			True	fa_esa_l2_ieb_20000209173459_13745_v02.cdf			True	fa_esa_l2_ies_20000209173500_13745_v02.cdf		
13746	./FAST_data/2000/02	fa_k0_orb_13746_v01.cdf	47	61	True	fa_esa_l2_eeb_20000209194824_13746_v02.cdf			True	fa_esa_l2_ees_20000209194825_13746_v02.cdf			True	fa_esa_l2_ieb_20000209194824_13746_v02.cdf			True	fa_esa_l2_ies_20000209194825_13746_v02.cdf		
13747	./FAST_data/2000/02	fa_k0_orb_13747_v01.cdf	57	65	True	fa_esa_l2_eeb_20000209220234_13747_v02.cdf			True	fa_esa_l2_ees_20000209220235_13747_v02.cdf			True	fa_esa_l2_ieb_20000209220234_13747_v02.cdf			True	fa_esa_l2_ies_20000209220235_13747_v02.cdf		
13748	./FAST_data/2000/02	fa_k0_orb_13748_v01.cdf	52	67	True	fa_esa_l2_eeb_20000210001640_13748_v02.cdf			True	fa_esa_l2_ees_20000210001641_13748_v02.cdf			True	fa_esa_l2_ieb_20000210001640_13748_v02.cdf			True	fa_esa_l2_ies_20000210001641_13748_v02.cdf		
13749	./FAST_data/2000/02	fa_k0_orb_13749_v01.cdf	55	70	True	fa_esa_l2_eeb_20000210023015_13749_v02.cdf			True	fa_esa_l2_ees_20000210023016_13749_v02.cdf			True	fa_esa_l2_ieb_20000210023015_13749_v02.cdf			True	fa_esa_l2_ies_20000210023016_13749_v02.cdf		
13750	./FAST_data/2000/02	fa_k0_orb_13750_v01.cdf	57	69	True	fa_esa_l2_eeb_20000210044240_13750_v02.cdf			True	fa_esa_l2_ees_20000210044241_13750_v02.cdf			True	fa_esa_l2_ieb_20000210044240_13750_v02.cdf			True	fa_esa_l2_ies_20000210044241_13750_v02.cdf		
13751	./FAST_data/2000/02	fa_k0_orb_13751_v01.cdf	57	66	True	fa_esa_l2_eeb_20000210065359_13751_v02.cdf			True	fa_esa_l2_ees_20000210065401_13751_v02.cdf			True	fa_esa_l2_ieb_20000210065359_13751_v02.cdf			True	fa_esa_l2_ies_20000210065401_13751_v02.cdf		
13752	./FAST_data/2000/02	fa_k0_orb_13752_v01.cdf	57	62	True	fa_esa_l2_eeb_20000210081818_13752_v02.cdf			True	fa_esa_l2_ees_20000210081820_13752_v02.cdf	48	87	True	fa_esa_l2_ieb_20000210081818_13752_v02.cdf			True	fa_esa_l2_ies_20000210081820_13752_v02.cdf	48	87
13753	./FAST_data/2000/02	fa_k0_orb_13753_v01.cdf	55	59	True	fa_esa_l2_eeb_20000210102923_13753_v02.cdf			True	fa_esa_l2_ees_20000210102924_13753_v02.cdf	53	84	True	fa_esa_l2_ieb_20000210102923_13753_v02.cdf			True	fa_esa_l2_ies_20000210102924_13753_v02.cdf	53	84
13754	./FAST_data/2000/02	fa_k0_orb_13754_v01.cdf	51	57	True	fa_esa_l2_eeb_20000210124007_13754_v02.cdf			True	fa_esa_l2_ees_20000210124008_13754_v02.cdf	51	97	True	fa_esa_l2_ieb_20000210124007_13754_v02.cdf			True	fa_esa_l2_ies_20000210124008_13754_v02.cdf	51	97
13755	./FAST_data/2000/02	fa_k0_orb_13755_v01.cdf	48	56	True	fa_esa_l2_eeb_20000210153431_13755_v02.cdf			True	fa_esa_l2_ees_20000210153432_13755_v02.cdf			True	fa_esa_l2_ieb_20000210153431_13755_v02.cdf			True	fa_esa_l2_ies_20000210153432_13755_v02.cdf		
13756	./FAST_data/2000/02	fa_k0_orb_13756_v01.cdf	46	58	True	fa_esa_l2_eeb_20000210174652_13756_v02.cdf			True	fa_esa_l2_ees_20000210174653_13756_v02.cdf			True	fa_esa_l2_ieb_20000210174652_13756_v02.cdf			True	fa_esa_l2_ies_20000210174653_13756_v02.cdf		
13757	./FAST_data/2000/02	fa_k0_orb_13757_v01.cdf	47	61	True	fa_esa_l2_eeb_20000210200028_13757_v02.cdf			True	fa_esa_l2_ees_20000210200029_13757_v02.cdf			True	fa_esa_l2_ieb_20000210200028_13757_v02.cdf			True	fa_esa_l2_ies_20000210200029_13757_v02.cdf		
13758	./FAST_data/2000/02	fa_k0_orb_13758_v01.cdf	49	65	True	fa_esa_l2_eeb_20000210221439_13758_v02.cdf			True	fa_esa_l2_ees_20000210221440_13758_v02.cdf			True	fa_esa_l2_ieb_20000210221439_13758_v02.cdf			True	fa_esa_l2_ies_20000210221440_13758_v02.cdf		
13759	./FAST_data/2000/02	fa_k0_orb_13759_v01.cdf	57	67	True	fa_esa_l2_eeb_20000211002847_13759_v02.cdf			True	fa_esa_l2_ees_20000211002848_13759_v02.cdf			True	fa_esa_l2_ieb_20000211002847_13759_v02.cdf			True	fa_esa_l2_ies_20000211002848_13759_v02.cdf		
13760	./FAST_data/2000/02	fa_k0_orb_13760_v01.cdf	55	70	True	fa_esa_l2_eeb_20000211024208_13760_v02.cdf			True	fa_esa_l2_ees_20000211024209_13760_v02.cdf			True	fa_esa_l2_ieb_20000211024208_13760_v02.cdf			True	fa_esa_l2_ies_20000211024209_13760_v02.cdf		
13761	./FAST_data/2000/02	fa_k0_orb_13761_v01.cdf	56	68	True	fa_esa_l2_eeb_20000211045430_13761_v02.cdf			True	fa_esa_l2_ees_20000211045431_13761_v02.cdf			True	fa_esa_l2_ieb_20000211045430_13761_v02.cdf			True	fa_esa_l2_ies_20000211045431_13761_v02.cdf		
13762	./FAST_data/2000/02	fa_k0_orb_13762_v01.cdf	57	65	True	fa_esa_l2_eeb_20000211061814_13762_v02.cdf			True	fa_esa_l2_ees_20000211061815_13762_v02.cdf	41	104	True	fa_esa_l2_ieb_20000211061814_13762_v02.cdf			True	fa_esa_l2_ies_20000211061815_13762_v02.cdf	41	104
13763	./FAST_data/2000/02	fa_k0_orb_13763_v01.cdf	56	61	True	fa_esa_l2_eeb_20000211082945_13763_v02.cdf			True	fa_esa_l2_ees_20000211082946_13763_v02.cdf	44	83	True	fa_esa_l2_ieb_20000211082945_13763_v02.cdf			True	fa_esa_l2_ies_20000211082946_13763_v02.cdf	44	83
13764	./FAST_data/2000/02	fa_k0_orb_13764_v01.cdf	53	58	True	fa_esa_l2_eeb_20000211104051_13764_v02.cdf			True	fa_esa_l2_ees_20000211104052_13764_v02.cdf	41	79	True	fa_esa_l2_ieb_20000211104051_13764_v02.cdf			True	fa_esa_l2_ies_20000211104052_13764_v02.cdf	41	79
13765	./FAST_data/2000/02	fa_k0_orb_13765_v01.cdf	50	56	True	fa_esa_l2_eeb_20000211133506_13765_v02.cdf			True	fa_esa_l2_ees_20000211133507_13765_v02.cdf			True	fa_esa_l2_ieb_20000211133506_13765_v02.cdf			True	fa_esa_l2_ies_20000211133507_13765_v02.cdf		
13769	./FAST_data/2000/02	fa_k0_orb_13769_v01.cdf	49	65	True	fa_esa_l2_eeb_20000211222645_13769_v02.cdf			True	fa_esa_l2_ees_20000211222647_13769_v02.cdf			True	fa_esa_l2_ieb_20000211222645_13769_v02.cdf			True	fa_esa_l2_ies_20000211222647_13769_v02.cdf		
13770	./FAST_data/2000/02	fa_k0_orb_13770_v01.cdf	52	68	True	fa_esa_l2_eeb_20000212004049_13770_v02.cdf			True	fa_esa_l2_ees_20000212004050_13770_v02.cdf			True	fa_esa_l2_ieb_20000212004049_13770_v02.cdf			True	fa_esa_l2_ies_20000212004050_13770_v02.cdf		
13771	./FAST_data/2000/02	fa_k0_orb_13771_v01.cdf	54	69	True	fa_esa_l2_eeb_20000212025407_13771_v02.cdf			True	fa_esa_l2_ees_20000212025408_13771_v02.cdf			True	fa_esa_l2_ieb_20000212025407_13771_v02.cdf			True	fa_esa_l2_ies_20000212025408_13771_v02.cdf		
13772	./FAST_data/2000/02	fa_k0_orb_13772_v01.cdf	56	68	True	fa_esa_l2_eeb_20000212050620_13772_v02.cdf			True	fa_esa_l2_ees_20000212050621_13772_v02.cdf			True	fa_esa_l2_ieb_20000212050620_13772_v02.cdf			True	fa_esa_l2_ies_20000212050621_13772_v02.cdf		
13773	./FAST_data/2000/02	fa_k0_orb_13773_v01.cdf	56	65	True	fa_esa_l2_eeb_20000212062940_13773_v02.cdf			True	fa_esa_l2_ees_20000212062941_13773_v02.cdf	36	107	True	fa_esa_l2_ieb_20000212062940_13773_v02.cdf			True	fa_esa_l2_ies_20000212062941_13773_v02.cdf	36	107
13774	./FAST_data/2000/02	fa_k0_orb_13774_v01.cdf	55	61	True	fa_esa_l2_eeb_20000212084108_13774_v02.cdf			True	fa_esa_l2_ees_20000212084109_13774_v02.cdf	40	87	True	fa_esa_l2_ieb_20000212084108_13774_v02.cdf			True	fa_esa_l2_ies_20000212084109_13774_v02.cdf	40	87
13775	./FAST_data/2000/02	fa_k0_orb_13775_v01.cdf	53	58	True	fa_esa_l2_eeb_20000212105205_13775_v02.cdf			True	fa_esa_l2_ees_20000212105206_13775_v02.cdf	48	87	True	fa_esa_l2_ieb_20000212105205_13775_v02.cdf			True	fa_esa_l2_ies_20000212105206_13775_v02.cdf	48	87
13776	./FAST_data/2000/02	fa_k0_orb_13776_v01.cdf	49	56	True	fa_esa_l2_eeb_20000212134648_13776_v02.cdf			True	fa_esa_l2_ees_20000212134649_13776_v02.cdf			True	fa_esa_l2_ieb_20000212134648_13776_v02.cdf			True	fa_esa_l2_ies_20000212134649_13776_v02.cdf		
13778	./FAST_data/2000/02	fa_k0_orb_13778_v01.cdf	45	58	True	fa_esa_l2_eeb_20000212181049_13778_v02.cdf			True	fa_esa_l2_ees_20000212181050_13778_v02.cdf			True	fa_esa_l2_ieb_20000212181049_13778_v02.cdf			True	fa_esa_l2_ies_20000212181050_13778_v02.cdf		
13780	./FAST_data/2000/02	fa_k0_orb_13780_v01.cdf	49	65	True	fa_esa_l2_eeb_20000212223854_13780_v02.cdf			True	fa_esa_l2_ees_20000212223855_13780_v02.cdf			True	fa_esa_l2_ieb_20000212223854_13780_v02.cdf			True	fa_esa_l2_ies_20000212223855_13780_v02.cdf		
13781	./FAST_data/2000/02	fa_k0_orb_13781_v01.cdf	52	68	True	fa_esa_l2_eeb_20000213005249_13781_v02.cdf			True	fa_esa_l2_ees_20000213005250_13781_v02.cdf			True	fa_esa_l2_ieb_20000213005249_13781_v02.cdf			True	fa_esa_l2_ies_20000213005250_13781_v02.cdf		
13782	./FAST_data/2000/02	fa_k0_orb_13782_v01.cdf	54	69	True	fa_esa_l2_eeb_20000213030604_13782_v02.cdf			True	fa_esa_l2_ees_20000213030605_13782_v02.cdf			True	fa_esa_l2_ieb_20000213030604_13782_v02.cdf			True	fa_esa_l2_ies_20000213030605_13782_v02.cdf		
13783	./FAST_data/2000/02	fa_k0_orb_13783_v01.cdf	56	67	True	fa_esa_l2_eeb_20000213051803_13783_v02.cdf			True	fa_esa_l2_ees_20000213051804_13783_v02.cdf			True	fa_esa_l2_ieb_20000213051803_13783_v02.cdf			True	fa_esa_l2_ies_20000213051804_13783_v02.cdf		
13784	./FAST_data/2000/02	fa_k0_orb_13784_v01.cdf	56	64	True	fa_esa_l2_eeb_20000213064104_13784_v02.cdf			True	fa_esa_l2_ees_20000213064105_13784_v02.cdf	40	102	True	fa_esa_l2_ieb_20000213064104_13784_v02.cdf			True	fa_esa_l2_ies_20000213064105_13784_v02.cdf	40	102
13785	./FAST_data/2000/02	fa_k0_orb_13785_v01.cdf	55	60	True	fa_esa_l2_eeb_20000213085228_13785_v02.cdf			True	fa_esa_l2_ees_20000213085229_13785_v02.cdf	45	83	True	fa_esa_l2_ieb_20000213085228_13785_v02.cdf			True	fa_esa_l2_ies_20000213085229_13785_v02.cdf	45	83
13786	./FAST_data/2000/02	fa_k0_orb_13786_v01.cdf	52	57	True	fa_esa_l2_eeb_20000213110322_13786_v02.cdf			True	fa_esa_l2_ees_20000213110323_13786_v02.cdf	46	85	True	fa_esa_l2_ieb_20000213110322_13786_v02.cdf			True	fa_esa_l2_ies_20000213110323_13786_v02.cdf	46	85
13787	./FAST_data/2000/02	fa_k0_orb_13787_v01.cdf	48	56	True	fa_esa_l2_eeb_20000213135817_13787_v02.cdf			True	fa_esa_l2_ees_20000213135818_13787_v02.cdf			True	fa_esa_l2_ieb_20000213135817_13787_v02.cdf			True	fa_esa_l2_ies_20000213135818_13787_v02.cdf		
13788	./FAST_data/2000/02	fa_k0_orb_13788_v01.cdf	45	56	True	fa_esa_l2_eeb_20000213160946_13788_v02.cdf			True	fa_esa_l2_ees_20000213160947_13788_v02.cdf			True	fa_esa_l2_ieb_20000213160946_13788_v02.cdf			True	fa_esa_l2_ies_20000213160947_13788_v02.cdf		
13789	./FAST_data/2000/02	fa_k0_orb_13789_v01.cdf	44	58	True	fa_esa_l2_eeb_20000213182242_13789_v02.cdf			True	fa_esa_l2_ees_20000213182243_13789_v02.cdf			True	fa_esa_l2_ieb_20000213182242_13789_v02.cdf			True	fa_esa_l2_ies_20000213182243_13789_v02.cdf		
13791	./FAST_data/2000/02	fa_k0_orb_13791_v01.cdf	49	64	True	fa_esa_l2_eeb_20000213225054_13791_v02.cdf			True	fa_esa_l2_ees_20000213225055_13791_v02.cdf			True	fa_esa_l2_ieb_20000213225054_13791_v02.cdf			True	fa_esa_l2_ies_20000213225055_13791_v02.cdf		
13792	./FAST_data/2000/02	fa_k0_orb_13792_v01.cdf	52	68	True	fa_esa_l2_eeb_20000214010456_13792_v02.cdf			True	fa_esa_l2_ees_20000214010457_13792_v02.cdf			True	fa_esa_l2_ieb_20000214010456_13792_v02.cdf			True	fa_esa_l2_ies_20000214010457_13792_v02.cdf		
13793	./FAST_data/2000/02	fa_k0_orb_13793_v01.cdf	54	69	True	fa_esa_l2_eeb_20000214031757_13793_v02.cdf			True	fa_esa_l2_ees_20000214031758_13793_v02.cdf			True	fa_esa_l2_ieb_20000214031757_13793_v02.cdf			True	fa_esa_l2_ies_20000214031758_13793_v02.cdf		
13795	./FAST_data/2000/02	fa_k0_orb_13795_v01.cdf	56	64	True	fa_esa_l2_eeb_20000214074022_13795_v02.cdf			True	fa_esa_l2_ees_20000214070713_13795_v02.cdf			True	fa_esa_l2_ieb_20000214074022_13795_v02.cdf			True	fa_esa_l2_ies_20000214070710_13795_v02.cdf		
13796	./FAST_data/2000/02	fa_k0_orb_13796_v01.cdf	54	60	True	fa_esa_l2_eeb_20000214090345_13796_v02.cdf			True	fa_esa_l2_ees_20000214090346_13796_v02.cdf	42	88	True	fa_esa_l2_ieb_20000214090345_13796_v02.cdf			True	fa_esa_l2_ies_20000214090346_13796_v02.cdf	42	88
13797	./FAST_data/2000/02	fa_k0_orb_13797_v01.cdf	51	57	True	fa_esa_l2_eeb_20000214111435_13797_v02.cdf			True	fa_esa_l2_ees_20000214111436_13797_v02.cdf	44	91	True	fa_esa_l2_ieb_20000214111435_13797_v02.cdf			True	fa_esa_l2_ies_20000214111436_13797_v02.cdf	44	91
13798	./FAST_data/2000/02	fa_k0_orb_13798_v01.cdf	47	56	True	fa_esa_l2_eeb_20000214140957_13798_v02.cdf			True	fa_esa_l2_ees_20000214140958_13798_v02.cdf			True	fa_esa_l2_ieb_20000214140957_13798_v02.cdf			True	fa_esa_l2_ies_20000214140958_13798_v02.cdf		
13799	./FAST_data/2000/02	fa_k0_orb_13799_v01.cdf	45	56	True	fa_esa_l2_eeb_20000214162138_13799_v02.cdf			True	fa_esa_l2_ees_20000214162139_13799_v02.cdf			True	fa_esa_l2_ieb_20000214162138_13799_v02.cdf			True	fa_esa_l2_ies_20000214162139_13799_v02.cdf		
13800	./FAST_data/2000/02	fa_k0_orb_13800_v01.cdf	44	58	True	fa_esa_l2_eeb_20000214183440_13800_v02.cdf			True	fa_esa_l2_ees_20000214183441_13800_v02.cdf			True	fa_esa_l2_ieb_20000214183440_13800_v02.cdf			True	fa_esa_l2_ies_20000214183441_13800_v02.cdf		
13801	./FAST_data/2000/02	fa_k0_orb_13801_v01.cdf	46	62	True	fa_esa_l2_eeb_20000214204843_13801_v02.cdf			True	fa_esa_l2_ees_20000214204844_13801_v02.cdf			True	fa_esa_l2_ieb_20000214204843_13801_v02.cdf			True	fa_esa_l2_ies_20000214204844_13801_v02.cdf		
13802	./FAST_data/2000/02	fa_k0_orb_13802_v01.cdf	49	63	True	fa_esa_l2_eeb_20000214230301_13802_v02.cdf			True	fa_esa_l2_ees_20000214230302_13802_v02.cdf			True	fa_esa_l2_ieb_20000214230301_13802_v02.cdf			True	fa_esa_l2_ies_20000214230302_13802_v02.cdf		
13803	./FAST_data/2000/02	fa_k0_orb_13803_v01.cdf	52	68	True	fa_esa_l2_eeb_20000215011649_13803_v02.cdf			True	fa_esa_l2_ees_20000215011650_13803_v02.cdf			True	fa_esa_l2_ieb_20000215011649_13803_v02.cdf			True	fa_esa_l2_ies_20000215011650_13803_v02.cdf		
13804	./FAST_data/2000/02	fa_k0_orb_13804_v01.cdf	54	68	True	fa_esa_l2_eeb_20000215032942_13804_v02.cdf			True	fa_esa_l2_ees_20000215032943_13804_v02.cdf			True	fa_esa_l2_ieb_20000215032942_13804_v02.cdf			True	fa_esa_l2_ies_20000215032943_13804_v02.cdf		
13806	./FAST_data/2000/02	fa_k0_orb_13806_v01.cdf	55	64	True	fa_esa_l2_eeb_20000215075150_13806_v02.cdf			True	fa_esa_l2_ees_20000215071827_13806_v02.cdf			True	fa_esa_l2_ieb_20000215075150_13806_v02.cdf			True	fa_esa_l2_ies_20000215071822_13806_v02.cdf		
13807	./FAST_data/2000/02	fa_k0_orb_13807_v01.cdf	54	60	True	fa_esa_l2_eeb_20000215091458_13807_v02.cdf			True	fa_esa_l2_ees_20000215091459_13807_v02.cdf	47	93	True	fa_esa_l2_ieb_20000215091458_13807_v02.cdf			True	fa_esa_l2_ies_20000215091459_13807_v02.cdf	47	93
13808	./FAST_data/2000/02	fa_k0_orb_13808_v01.cdf	50	57	True	fa_esa_l2_eeb_20000215112545_13808_v02.cdf			True	fa_esa_l2_ees_20000215112546_13808_v02.cdf	43	97	True	fa_esa_l2_ieb_20000215112545_13808_v02.cdf			True	fa_esa_l2_ies_20000215112546_13808_v02.cdf	43	97
13809	./FAST_data/2000/02	fa_k0_orb_13809_v01.cdf	47	56	True	fa_esa_l2_eeb_20000215142124_13809_v02.cdf			True	fa_esa_l2_ees_20000215142125_13809_v02.cdf			True	fa_esa_l2_ieb_20000215142124_13809_v02.cdf			True	fa_esa_l2_ies_20000215142125_13809_v02.cdf		
13810	./FAST_data/2000/02	fa_k0_orb_13810_v01.cdf	44	56	True	fa_esa_l2_eeb_20000215164847_13810_v02.cdf			True	fa_esa_l2_ees_20000215170731_13810_v02.cdf			True	fa_esa_l2_ieb_20000215164847_13810_v02.cdf			True	fa_esa_l2_ies_20000215170726_13810_v02.cdf		
13811	./FAST_data/2000/02	fa_k0_orb_13811_v01.cdf	44	59	True	fa_esa_l2_eeb_20000215184630_13811_v02.cdf			True	fa_esa_l2_ees_20000215184631_13811_v02.cdf			True	fa_esa_l2_ieb_20000215184630_13811_v02.cdf			True	fa_esa_l2_ies_20000215184631_13811_v02.cdf		
13812	./FAST_data/2000/02	fa_k0_orb_13812_v01.cdf	46	62	True	fa_esa_l2_eeb_20000215210040_13812_v02.cdf			True	fa_esa_l2_ees_20000215210041_13812_v02.cdf			True	fa_esa_l2_ieb_20000215210040_13812_v02.cdf			True	fa_esa_l2_ies_20000215210041_13812_v02.cdf		
13813	./FAST_data/2000/02	fa_k0_orb_13813_v01.cdf	49	61	True	fa_esa_l2_eeb_20000215231459_13813_v02.cdf			True	fa_esa_l2_ees_20000215231500_13813_v02.cdf			True	fa_esa_l2_ieb_20000215231459_13813_v02.cdf			True	fa_esa_l2_ies_20000215231500_13813_v02.cdf		
13814	./FAST_data/2000/02	fa_k0_orb_13814_v01.cdf	52	67	True	fa_esa_l2_eeb_20000216012839_13814_v02.cdf			True	fa_esa_l2_ees_20000216012840_13814_v02.cdf			True	fa_esa_l2_ieb_20000216012839_13814_v02.cdf			True	fa_esa_l2_ies_20000216012840_13814_v02.cdf		
13815	./FAST_data/2000/02	fa_k0_orb_13815_v01.cdf	54	66	True	fa_esa_l2_eeb_20000216034123_13815_v02.cdf			True	fa_esa_l2_ees_20000216034124_13815_v02.cdf			True	fa_esa_l2_ieb_20000216034123_13815_v02.cdf			True	fa_esa_l2_ies_20000216034124_13815_v02.cdf		
13816	./FAST_data/2000/02	fa_k0_orb_13816_v01.cdf	55	66	True	fa_esa_l2_eeb_20000216055256_13816_v02.cdf			True	fa_esa_l2_ees_20000216055257_13816_v02.cdf			True	fa_esa_l2_ieb_20000216055256_13816_v02.cdf			True	fa_esa_l2_ies_20000216055257_13816_v02.cdf		
13817	./FAST_data/2000/02	fa_k0_orb_13817_v01.cdf	55	63	True	fa_esa_l2_eeb_20000216080309_13817_v02.cdf			True	fa_esa_l2_ees_20000216080310_13817_v02.cdf			True	fa_esa_l2_ieb_20000216080309_13817_v02.cdf			True	fa_esa_l2_ies_20000216080310_13817_v02.cdf		
13818	./FAST_data/2000/02	fa_k0_orb_13818_v01.cdf	53	59	True	fa_esa_l2_eeb_20000216092602_13818_v02.cdf			True	fa_esa_l2_ees_20000216092604_13818_v02.cdf	47	94	True	fa_esa_l2_ieb_20000216092602_13818_v02.cdf			True	fa_esa_l2_ies_20000216092604_13818_v02.cdf	47	94
13819	./FAST_data/2000/02	fa_k0_orb_13819_v01.cdf	49	57	True	fa_esa_l2_eeb_20000216113651_13819_v02.cdf			True	fa_esa_l2_ees_20000216113652_13819_v02.cdf	43	105	True	fa_esa_l2_ieb_20000216113651_13819_v02.cdf			True	fa_esa_l2_ies_20000216113652_13819_v02.cdf	43	105
13820	./FAST_data/2000/02	fa_k0_orb_13820_v01.cdf	46	56	True	fa_esa_l2_eeb_20000216134739_13820_v02.cdf			True	fa_esa_l2_ees_20000216134740_13820_v02.cdf	46	124	True	fa_esa_l2_ieb_20000216134739_13820_v02.cdf			True	fa_esa_l2_ies_20000216134740_13820_v02.cdf	46	124
13821	./FAST_data/2000/02	fa_k0_orb_13821_v01.cdf	44	56	True	fa_esa_l2_eeb_20000216164456_13821_v02.cdf			True	fa_esa_l2_ees_20000216164457_13821_v02.cdf			True	fa_esa_l2_ieb_20000216164456_13821_v02.cdf			True	fa_esa_l2_ies_20000216164457_13821_v02.cdf		
13822	./FAST_data/2000/02	fa_k0_orb_13822_v01.cdf	44	59	True	fa_esa_l2_eeb_20000216185821_13822_v02.cdf			True	fa_esa_l2_ees_20000216185822_13822_v02.cdf			True	fa_esa_l2_ieb_20000216185821_13822_v02.cdf			True	fa_esa_l2_ies_20000216185822_13822_v02.cdf		
13823	./FAST_data/2000/02	fa_k0_orb_13823_v01.cdf	46	62	True	fa_esa_l2_eeb_20000216211232_13823_v02.cdf			True	fa_esa_l2_ees_20000216211236_13823_v02.cdf			True	fa_esa_l2_ieb_20000216211232_13823_v02.cdf			True	fa_esa_l2_ies_20000216211236_13823_v02.cdf		
13824	./FAST_data/2000/02	fa_k0_orb_13824_v01.cdf	49	56	True	fa_esa_l2_eeb_20000216232649_13824_v02.cdf			True	fa_esa_l2_ees_20000216232650_13824_v02.cdf			True	fa_esa_l2_ieb_20000216232649_13824_v02.cdf			True	fa_esa_l2_ies_20000216232650_13824_v02.cdf		
13825	./FAST_data/2000/02	fa_k0_orb_13825_v01.cdf	52	65	True	fa_esa_l2_eeb_20000217014029_13825_v02.cdf			True	fa_esa_l2_ees_20000217014030_13825_v02.cdf			True	fa_esa_l2_ieb_20000217014029_13825_v02.cdf			True	fa_esa_l2_ies_20000217014030_13825_v02.cdf		
13826	./FAST_data/2000/02	fa_k0_orb_13826_v01.cdf	54	65	True	fa_esa_l2_eeb_20000217035310_13826_v02.cdf			True	fa_esa_l2_ees_20000217035311_13826_v02.cdf			True	fa_esa_l2_ieb_20000217035310_13826_v02.cdf			True	fa_esa_l2_ies_20000217035311_13826_v02.cdf		
13827	./FAST_data/2000/02	fa_k0_orb_13827_v01.cdf	55	65	True	fa_esa_l2_eeb_20000217060429_13827_v02.cdf			True	fa_esa_l2_ees_20000217060430_13827_v02.cdf			True	fa_esa_l2_ieb_20000217060429_13827_v02.cdf			True	fa_esa_l2_ies_20000217060430_13827_v02.cdf		
13828	./FAST_data/2000/02	fa_k0_orb_13828_v01.cdf	54	62	True	fa_esa_l2_eeb_20000217072608_13828_v02.cdf			True	fa_esa_l2_ees_20000217072609_13828_v02.cdf	40	102	True	fa_esa_l2_ieb_20000217072608_13828_v02.cdf			True	fa_esa_l2_ies_20000217072609_13828_v02.cdf	40	102
13829	./FAST_data/2000/02	fa_k0_orb_13829_v01.cdf	52	59	True	fa_esa_l2_eeb_20000217093713_13829_v02.cdf			True	fa_esa_l2_ees_20000217093714_13829_v02.cdf	45	99	True	fa_esa_l2_ieb_20000217093713_13829_v02.cdf			True	fa_esa_l2_ies_20000217093714_13829_v02.cdf	45	99
13830	./FAST_data/2000/02	fa_k0_orb_13830_v01.cdf	49	56	True	fa_esa_l2_eeb_20000217114757_13830_v02.cdf			True	fa_esa_l2_ees_20000217114758_13830_v02.cdf	50	104	True	fa_esa_l2_ieb_20000217114757_13830_v02.cdf			True	fa_esa_l2_ies_20000217114758_13830_v02.cdf	50	104
13831	./FAST_data/2000/02	fa_k0_orb_13831_v01.cdf	45	55	True	fa_esa_l2_eeb_20000217144441_13831_v02.cdf			True	fa_esa_l2_ees_20000217144445_13831_v02.cdf			True	fa_esa_l2_ieb_20000217144441_13831_v02.cdf			True	fa_esa_l2_ies_20000217144442_13831_v02.cdf		
13832	./FAST_data/2000/02	fa_k0_orb_13832_v01.cdf	43	56	True	fa_esa_l2_eeb_20000217165642_13832_v02.cdf			True	fa_esa_l2_ees_20000217165643_13832_v02.cdf			True	fa_esa_l2_ieb_20000217165642_13832_v02.cdf			True	fa_esa_l2_ies_20000217165643_13832_v02.cdf		
13833	./FAST_data/2000/02	fa_k0_orb_13833_v01.cdf	44	59	True	fa_esa_l2_eeb_20000217191013_13833_v02.cdf			True	fa_esa_l2_ees_20000217191014_13833_v02.cdf			True	fa_esa_l2_ieb_20000217191013_13833_v02.cdf			True	fa_esa_l2_ies_20000217191014_13833_v02.cdf		
13834	./FAST_data/2000/02	fa_k0_orb_13834_v01.cdf	46	62	True	fa_esa_l2_eeb_20000217212431_13834_v02.cdf			True	fa_esa_l2_ees_20000217212432_13834_v02.cdf			True	fa_esa_l2_ieb_20000217212431_13834_v02.cdf			True	fa_esa_l2_ies_20000217212432_13834_v02.cdf		
13836	./FAST_data/2000/02	fa_k0_orb_13836_v01.cdf	52	63	True	fa_esa_l2_eeb_20000218015226_13836_v02.cdf			True	fa_esa_l2_ees_20000218015227_13836_v02.cdf			True	fa_esa_l2_ieb_20000218015226_13836_v02.cdf			True	fa_esa_l2_ies_20000218015227_13836_v02.cdf		
13837	./FAST_data/2000/02	fa_k0_orb_13837_v01.cdf	53	63	True	fa_esa_l2_eeb_20000218040452_13837_v02.cdf			True	fa_esa_l2_ees_20000218040453_13837_v02.cdf			True	fa_esa_l2_ieb_20000218040452_13837_v02.cdf			True	fa_esa_l2_ies_20000218040453_13837_v02.cdf		
13838	./FAST_data/2000/02	fa_k0_orb_13838_v01.cdf	54	63	True	fa_esa_l2_eeb_20000218061558_13838_v02.cdf			True	fa_esa_l2_ees_20000218061559_13838_v02.cdf			True	fa_esa_l2_ieb_20000218061558_13838_v02.cdf			True	fa_esa_l2_ies_20000218061559_13838_v02.cdf		
13839	./FAST_data/2000/02	fa_k0_orb_13839_v01.cdf	54	62	True	fa_esa_l2_eeb_20000218073717_13839_v02.cdf			True	fa_esa_l2_ees_20000218073719_13839_v02.cdf	44	106	True	fa_esa_l2_ieb_20000218073717_13839_v02.cdf			True	fa_esa_l2_ies_20000218073719_13839_v02.cdf	44	106
13840	./FAST_data/2000/02	fa_k0_orb_13840_v01.cdf	51	59	True	fa_esa_l2_eeb_20000218094824_13840_v02.cdf			True	fa_esa_l2_ees_20000218094825_13840_v02.cdf	40	102	True	fa_esa_l2_ieb_20000218094824_13840_v02.cdf			True	fa_esa_l2_ies_20000218094825_13840_v02.cdf	40	102
13841	./FAST_data/2000/02	fa_k0_orb_13841_v01.cdf	48	57	True	fa_esa_l2_eeb_20000218115904_13841_v02.cdf			True	fa_esa_l2_ees_20000218115905_13841_v02.cdf	46	116	True	fa_esa_l2_ieb_20000218115904_13841_v02.cdf			True	fa_esa_l2_ies_20000218115905_13841_v02.cdf	46	116
13842	./FAST_data/2000/02	fa_k0_orb_13842_v01.cdf	45	56	True	fa_esa_l2_eeb_20000218145605_13842_v02.cdf			True	fa_esa_l2_ees_20000218151233_13842_v02.cdf			True	fa_esa_l2_ieb_20000218145605_13842_v02.cdf			True	fa_esa_l2_ies_20000218145606_13842_v02.cdf		
13843	./FAST_data/2000/02	fa_k0_orb_13843_v01.cdf	43	57	True	fa_esa_l2_eeb_20000218170828_13843_v02.cdf			True	fa_esa_l2_ees_20000218170829_13843_v02.cdf			True	fa_esa_l2_ieb_20000218170828_13843_v02.cdf			True	fa_esa_l2_ies_20000218170829_13843_v02.cdf		
13844	./FAST_data/2000/02	fa_k0_orb_13844_v01.cdf	44	59	True	fa_esa_l2_eeb_20000218192211_13844_v02.cdf			True	fa_esa_l2_ees_20000218192212_13844_v02.cdf			True	fa_esa_l2_ieb_20000218192211_13844_v02.cdf			True	fa_esa_l2_ies_20000218192212_13844_v02.cdf		
13845	./FAST_data/2000/02	fa_k0_orb_13845_v01.cdf	46	62	True	fa_esa_l2_eeb_20000218213630_13845_v02.cdf			True	fa_esa_l2_ees_20000218213631_13845_v02.cdf			True	fa_esa_l2_ieb_20000218213630_13845_v02.cdf			True	fa_esa_l2_ies_20000218213631_13845_v02.cdf		
13847	./FAST_data/2000/02	fa_k0_orb_13847_v01.cdf	52	62	True	fa_esa_l2_eeb_20000219020413_13847_v02.cdf			True	fa_esa_l2_ees_20000219020414_13847_v02.cdf			True	fa_esa_l2_ieb_20000219020413_13847_v02.cdf			True	fa_esa_l2_ies_20000219020414_13847_v02.cdf		
13848	./FAST_data/2000/02	fa_k0_orb_13848_v01.cdf	54	62	True	fa_esa_l2_eeb_20000219041631_13848_v02.cdf			True	fa_esa_l2_ees_20000219041632_13848_v02.cdf			True	fa_esa_l2_ieb_20000219041631_13848_v02.cdf			True	fa_esa_l2_ies_20000219041632_13848_v02.cdf		
13849	./FAST_data/2000/02	fa_k0_orb_13849_v01.cdf	54	62	True	fa_esa_l2_eeb_20000219062728_13849_v02.cdf			True	fa_esa_l2_ees_20000219062729_13849_v02.cdf			True	fa_esa_l2_ieb_20000219062728_13849_v02.cdf			True	fa_esa_l2_ies_20000219062729_13849_v02.cdf		
13850	./FAST_data/2000/02	fa_k0_orb_13850_v01.cdf	53	62	True	fa_esa_l2_eeb_20000219074833_13850_v02.cdf	114	196	True	fa_esa_l2_ees_20000219074834_13850_v02.cdf	37	107	True	fa_esa_l2_ieb_20000219074833_13850_v02.cdf	114	196	True	fa_esa_l2_ies_20000219074834_13850_v02.cdf	37	107
13851	./FAST_data/2000/02	fa_k0_orb_13851_v01.cdf	51	59	True	fa_esa_l2_eeb_20000219095930_13851_v02.cdf			True	fa_esa_l2_ees_20000219095931_13851_v02.cdf	45	107	True	fa_esa_l2_ieb_20000219095930_13851_v02.cdf			True	fa_esa_l2_ies_20000219095931_13851_v02.cdf	45	107
13852	./FAST_data/2000/02	fa_k0_orb_13852_v01.cdf	47	56	True	fa_esa_l2_eeb_20000219121012_13852_v02.cdf			True	fa_esa_l2_ees_20000219121013_13852_v02.cdf	42	112	True	fa_esa_l2_ieb_20000219121012_13852_v02.cdf			True	fa_esa_l2_ies_20000219121013_13852_v02.cdf	42	112
13853	./FAST_data/2000/02	fa_k0_orb_13853_v01.cdf	44	56	True	fa_esa_l2_eeb_20000219150741_13853_v02.cdf			True	fa_esa_l2_ees_20000219150742_13853_v02.cdf			True	fa_esa_l2_ieb_20000219150741_13853_v02.cdf			True	fa_esa_l2_ies_20000219150742_13853_v02.cdf		
13854	./FAST_data/2000/02	fa_k0_orb_13854_v01.cdf	43	57	True	fa_esa_l2_eeb_20000219172019_13854_v02.cdf			True	fa_esa_l2_ees_20000219172020_13854_v02.cdf			True	fa_esa_l2_ieb_20000219172019_13854_v02.cdf			True	fa_esa_l2_ies_20000219172020_13854_v02.cdf		
13855	./FAST_data/2000/02	fa_k0_orb_13855_v01.cdf	44	60	True	fa_esa_l2_eeb_20000219193409_13855_v02.cdf			True	fa_esa_l2_ees_20000219193410_13855_v02.cdf			True	fa_esa_l2_ieb_20000219193409_13855_v02.cdf			True	fa_esa_l2_ies_20000219193410_13855_v02.cdf		
13858	./FAST_data/2000/02	fa_k0_orb_13858_v01.cdf	52	61	True	fa_esa_l2_eeb_20000220021600_13858_v02.cdf			True	fa_esa_l2_ees_20000220021601_13858_v02.cdf			True	fa_esa_l2_ieb_20000220021600_13858_v02.cdf			True	fa_esa_l2_ies_20000220021601_13858_v02.cdf		
13859	./FAST_data/2000/02	fa_k0_orb_13859_v01.cdf	54	61	True	fa_esa_l2_eeb_20000220042804_13859_v02.cdf			True	fa_esa_l2_ees_20000220042806_13859_v02.cdf			True	fa_esa_l2_ieb_20000220042804_13859_v02.cdf			True	fa_esa_l2_ies_20000220042806_13859_v02.cdf		
13860	./FAST_data/2000/02	fa_k0_orb_13860_v01.cdf	54	60	True	fa_esa_l2_eeb_20000220054809_13860_v02.cdf			True	fa_esa_l2_ees_20000220054810_13860_v02.cdf	39	85	True	fa_esa_l2_ieb_20000220054809_13860_v02.cdf			True	fa_esa_l2_ies_20000220054810_13860_v02.cdf	39	85
13861	./FAST_data/2000/02	fa_k0_orb_13861_v01.cdf	53	60	True	fa_esa_l2_eeb_20000220075933_13861_v02.cdf			True	fa_esa_l2_ees_20000220075934_13861_v02.cdf	44	98	True	fa_esa_l2_ieb_20000220075933_13861_v02.cdf			True	fa_esa_l2_ies_20000220075934_13861_v02.cdf	44	98
13862	./FAST_data/2000/02	fa_k0_orb_13862_v01.cdf	50	58	True	fa_esa_l2_eeb_20000220101027_13862_v02.cdf			True	fa_esa_l2_ees_20000220101028_13862_v02.cdf	45	107	True	fa_esa_l2_ieb_20000220101027_13862_v02.cdf			True	fa_esa_l2_ies_20000220101028_13862_v02.cdf	45	107
13863	./FAST_data/2000/02	fa_k0_orb_13863_v01.cdf	47	56	True	fa_esa_l2_eeb_20000220130752_13863_v02.cdf			True	fa_esa_l2_ees_20000220130753_13863_v02.cdf			True	fa_esa_l2_ieb_20000220130752_13863_v02.cdf			True	fa_esa_l2_ies_20000220130753_13863_v02.cdf		
13864	./FAST_data/2000/02	fa_k0_orb_13864_v01.cdf	44	56	True	fa_esa_l2_eeb_20000220151911_13864_v02.cdf			True	fa_esa_l2_ees_20000220151912_13864_v02.cdf			True	fa_esa_l2_ieb_20000220151911_13864_v02.cdf			True	fa_esa_l2_ies_20000220151912_13864_v02.cdf		
13865	./FAST_data/2000/02	fa_k0_orb_13865_v01.cdf	43	57	True	fa_esa_l2_eeb_20000220173202_13865_v02.cdf			True	fa_esa_l2_ees_20000220173203_13865_v02.cdf			True	fa_esa_l2_ieb_20000220173202_13865_v02.cdf			True	fa_esa_l2_ies_20000220173203_13865_v02.cdf		
13869	./FAST_data/2000/02	fa_k0_orb_13869_v01.cdf	52	59	True	fa_esa_l2_eeb_20000221022749_13869_v02.cdf			True	fa_esa_l2_ees_20000221022750_13869_v02.cdf			True	fa_esa_l2_ieb_20000221022749_13869_v02.cdf			True	fa_esa_l2_ies_20000221022750_13869_v02.cdf		
13870	./FAST_data/2000/02	fa_k0_orb_13870_v01.cdf	53	59	True	fa_esa_l2_eeb_20000221043944_13870_v02.cdf			True	fa_esa_l2_ees_20000221043946_13870_v02.cdf			True	fa_esa_l2_ieb_20000221043944_13870_v02.cdf			True	fa_esa_l2_ies_20000221043946_13870_v02.cdf		
13871	./FAST_data/2000/02	fa_k0_orb_13871_v01.cdf	54	59	True	fa_esa_l2_eeb_20000221055920_13871_v02.cdf			True	fa_esa_l2_ees_20000221055921_13871_v02.cdf	42	80	True	fa_esa_l2_ieb_20000221055920_13871_v02.cdf			True	fa_esa_l2_ies_20000221055921_13871_v02.cdf	42	80
13872	./FAST_data/2000/02	fa_k0_orb_13872_v01.cdf	52	59	True	fa_esa_l2_eeb_20000221081040_13872_v02.cdf			True	fa_esa_l2_ees_20000221081041_13872_v02.cdf	40	94	True	fa_esa_l2_ieb_20000221081040_13872_v02.cdf			True	fa_esa_l2_ies_20000221081041_13872_v02.cdf	40	94
13873	./FAST_data/2000/02	fa_k0_orb_13873_v01.cdf	49	58	True	fa_esa_l2_eeb_20000221102135_13873_v02.cdf			True	fa_esa_l2_ees_20000221102136_13873_v02.cdf	40	109	True	fa_esa_l2_ieb_20000221102135_13873_v02.cdf			True	fa_esa_l2_ies_20000221102136_13873_v02.cdf	40	110
13874	./FAST_data/2000/02	fa_k0_orb_13874_v01.cdf	46	56	True	fa_esa_l2_eeb_20000221131923_13874_v02.cdf			True	fa_esa_l2_ees_20000221131924_13874_v02.cdf			True	fa_esa_l2_ieb_20000221131923_13874_v02.cdf			True	fa_esa_l2_ies_20000221131924_13874_v02.cdf		
13875	./FAST_data/2000/02	fa_k0_orb_13875_v01.cdf	43	56	True	fa_esa_l2_eeb_20000221153054_13875_v02.cdf			True	fa_esa_l2_ees_20000221153055_13875_v02.cdf			True	fa_esa_l2_ieb_20000221153054_13875_v02.cdf			True	fa_esa_l2_ies_20000221153055_13875_v02.cdf		
13876	./FAST_data/2000/02	fa_k0_orb_13876_v01.cdf	42	57	True	fa_esa_l2_eeb_20000221174351_13876_v02.cdf			True	fa_esa_l2_ees_20000221174352_13876_v02.cdf			True	fa_esa_l2_ieb_20000221174351_13876_v02.cdf			True	fa_esa_l2_ies_20000221174352_13876_v02.cdf		
13877	./FAST_data/2000/02	fa_k0_orb_13877_v01.cdf	46	58	True	fa_esa_l2_eeb_20000221195754_13877_v02.cdf			True	fa_esa_l2_ees_20000221195755_13877_v02.cdf			True	fa_esa_l2_ieb_20000221195754_13877_v02.cdf			True	fa_esa_l2_ies_20000221195755_13877_v02.cdf		
13880	./FAST_data/2000/02	fa_k0_orb_13880_v01.cdf	52	58	True	fa_esa_l2_eeb_20000222014618_13880_v02.cdf			True	fa_esa_l2_ees_20000222014619_13880_v02.cdf	35	82	True	fa_esa_l2_ieb_20000222014618_13880_v02.cdf			True	fa_esa_l2_ies_20000222014619_13880_v02.cdf	35	82
13881	./FAST_data/2000/02	fa_k0_orb_13881_v01.cdf	53	57	True	fa_esa_l2_eeb_20000222035835_13881_v02.cdf			True	fa_esa_l2_ees_20000222035836_13881_v02.cdf	35	65	True	fa_esa_l2_ieb_20000222035835_13881_v02.cdf			True	fa_esa_l2_ies_20000222035836_13881_v02.cdf	35	65
13882	./FAST_data/2000/02	fa_k0_orb_13882_v01.cdf	53	57	True	fa_esa_l2_eeb_20000222061022_13882_v02.cdf			True	fa_esa_l2_ees_20000222061023_13882_v02.cdf	38	69	True	fa_esa_l2_ieb_20000222061022_13882_v02.cdf			True	fa_esa_l2_ies_20000222061023_13882_v02.cdf	38	69
13883	./FAST_data/2000/02	fa_k0_orb_13883_v01.cdf	52	57	True	fa_esa_l2_eeb_20000222082140_13883_v02.cdf			True	fa_esa_l2_ees_20000222082141_13883_v02.cdf	45	83	True	fa_esa_l2_ieb_20000222082140_13883_v02.cdf			True	fa_esa_l2_ies_20000222082141_13883_v02.cdf	44	82
13884	./FAST_data/2000/02	fa_k0_orb_13884_v01.cdf	49	57	True	fa_esa_l2_eeb_20000222103226_13884_v02.cdf			True	fa_esa_l2_ees_20000222103227_13884_v02.cdf	49	111	True	fa_esa_l2_ieb_20000222103226_13884_v02.cdf			True	fa_esa_l2_ies_20000222103227_13884_v02.cdf	49	111
13885	./FAST_data/2000/02	fa_k0_orb_13885_v01.cdf	45	56	True	fa_esa_l2_eeb_20000222124313_13885_v02.cdf			True	fa_esa_l2_ees_20000222124314_13885_v02.cdf	45	131	True	fa_esa_l2_ieb_20000222124313_13885_v02.cdf			True	fa_esa_l2_ies_20000222124314_13885_v02.cdf	45	131
13886	./FAST_data/2000/02	fa_k0_orb_13886_v01.cdf	42	56	True	fa_esa_l2_eeb_20000222145425_13886_v02.cdf			True	fa_esa_l2_ees_20000222145427_13886_v02.cdf	38	148	True	fa_esa_l2_ieb_20000222145425_13886_v02.cdf			True	fa_esa_l2_ies_20000222145427_13886_v02.cdf	38	146
13888	./FAST_data/2000/02	fa_k0_orb_13888_v01.cdf	53	57	True	fa_esa_l2_eeb_20000222200943_13888_v02.cdf			True	fa_esa_l2_ees_20000222192110_13888_v02.cdf	57	88	True	fa_esa_l2_ieb_20000222200943_13888_v02.cdf			True	fa_esa_l2_ies_20000222192105_13888_v02.cdf	59	90
13891	./FAST_data/2000/02	fa_k0_orb_13891_v01.cdf	52	56	True	fa_esa_l2_eeb_20000223015730_13891_v02.cdf			True	fa_esa_l2_ees_20000223015732_13891_v02.cdf	36	66	True	fa_esa_l2_ieb_20000223015730_13891_v02.cdf			True	fa_esa_l2_ies_20000223015732_13891_v02.cdf	36	66
13892	./FAST_data/2000/02	fa_k0_orb_13892_v01.cdf	53	56	True	fa_esa_l2_eeb_20000223040945_13892_v02.cdf			True	fa_esa_l2_ees_20000223040946_13892_v02.cdf	36	59	True	fa_esa_l2_ieb_20000223040945_13892_v02.cdf			True	fa_esa_l2_ies_20000223040946_13892_v02.cdf	36	59
13893	./FAST_data/2000/02	fa_k0_orb_13893_v01.cdf	53	56	True	fa_esa_l2_eeb_20000223062128_13893_v02.cdf			True	fa_esa_l2_ees_20000223062130_13893_v02.cdf	41	63	True	fa_esa_l2_ieb_20000223062128_13893_v02.cdf			True	fa_esa_l2_ies_20000223062130_13893_v02.cdf	41	63
13894	./FAST_data/2000/02	fa_k0_orb_13894_v01.cdf	51	56	True	fa_esa_l2_eeb_20000223083242_13894_v02.cdf			True	fa_esa_l2_ees_20000223083243_13894_v02.cdf	42	80	True	fa_esa_l2_ieb_20000223083242_13894_v02.cdf			True	fa_esa_l2_ies_20000223083243_13894_v02.cdf	42	80
13895	./FAST_data/2000/02	fa_k0_orb_13895_v01.cdf	48	56	True	fa_esa_l2_eeb_20000223104326_13895_v02.cdf			True	fa_esa_l2_ees_20000223104327_13895_v02.cdf	46	109	True	fa_esa_l2_ieb_20000223104326_13895_v02.cdf			True	fa_esa_l2_ies_20000223104327_13895_v02.cdf	46	109
13896	./FAST_data/2000/02	fa_k0_orb_13896_v01.cdf	45	56	True	fa_esa_l2_eeb_20000223125414_13896_v02.cdf			True	fa_esa_l2_ees_20000223125415_13896_v02.cdf	49	135	True	fa_esa_l2_ieb_20000223125414_13896_v02.cdf			True	fa_esa_l2_ies_20000223125415_13896_v02.cdf	49	135
13897	./FAST_data/2000/02	fa_k0_orb_13897_v01.cdf	42	55	True	fa_esa_l2_eeb_20000223150528_13897_v02.cdf	114	379	True	fa_esa_l2_ees_20000223150529_13897_v02.cdf	42	144	True	fa_esa_l2_ieb_20000223150528_13897_v02.cdf	114	379	True	fa_esa_l2_ies_20000223150529_13897_v02.cdf	42	144
13902	./FAST_data/2000/02	fa_k0_orb_13902_v01.cdf	53	55	True	fa_esa_l2_eeb_20000224030246_13902_v02.cdf			True	fa_esa_l2_ees_20000224030247_13902_v02.cdf			True	fa_esa_l2_ieb_20000224030246_13902_v02.cdf			True	fa_esa_l2_ies_20000224030247_13902_v02.cdf		
13903	./FAST_data/2000/02	fa_k0_orb_13903_v01.cdf	53	55	True	fa_esa_l2_eeb_20000224051412_13903_v02.cdf			True	fa_esa_l2_ees_20000224051413_13903_v02.cdf			True	fa_esa_l2_ieb_20000224051412_13903_v02.cdf			True	fa_esa_l2_ies_20000224051413_13903_v02.cdf		
13904	./FAST_data/2000/02	fa_k0_orb_13904_v01.cdf	53	55	True	fa_esa_l2_eeb_20000224072411_13904_v02.cdf			True	fa_esa_l2_ees_20000224072412_13904_v02.cdf			True	fa_esa_l2_ieb_20000224072411_13904_v02.cdf			True	fa_esa_l2_ies_20000224072412_13904_v02.cdf		
13905	./FAST_data/2000/02	fa_k0_orb_13905_v01.cdf	51	54	True	fa_esa_l2_eeb_20000224084344_13905_v02.cdf			True	fa_esa_l2_ees_20000224084345_13905_v02.cdf	45	68	True	fa_esa_l2_ieb_20000224084344_13905_v02.cdf			True	fa_esa_l2_ies_20000224084345_13905_v02.cdf	45	68
13906	./FAST_data/2000/02	fa_k0_orb_13906_v01.cdf	48	54	True	fa_esa_l2_eeb_20000224105424_13906_v02.cdf			True	fa_esa_l2_ees_20000224105425_13906_v02.cdf	51	97	True	fa_esa_l2_ieb_20000224105424_13906_v02.cdf			True	fa_esa_l2_ies_20000224105425_13906_v02.cdf	51	97
13907	./FAST_data/2000/02	fa_k0_orb_13907_v01.cdf	44	54	True	fa_esa_l2_eeb_20000224130515_13907_v02.cdf			True	fa_esa_l2_ees_20000224130516_13907_v02.cdf	45	123	True	fa_esa_l2_ieb_20000224130515_13907_v02.cdf			True	fa_esa_l2_ies_20000224130516_13907_v02.cdf	45	123
13908	./FAST_data/2000/02	fa_k0_orb_13908_v01.cdf	42	54	True	fa_esa_l2_eeb_20000224160537_13908_v02.cdf			True	fa_esa_l2_ees_20000224160538_13908_v02.cdf			True	fa_esa_l2_ieb_20000224160537_13908_v02.cdf			True	fa_esa_l2_ies_20000224160538_13908_v02.cdf		
13909	./FAST_data/2000/02	fa_k0_orb_13909_v01.cdf	42	54	True	fa_esa_l2_eeb_20000224181920_13909_v02.cdf			True	fa_esa_l2_ees_20000224181921_13909_v02.cdf			True	fa_esa_l2_ieb_20000224181920_13909_v02.cdf			True	fa_esa_l2_ies_20000224181921_13909_v02.cdf		
13913	./FAST_data/2000/02	fa_k0_orb_13913_v01.cdf	53	53	True	fa_esa_l2_eeb_20000225031425_13913_v02.cdf			True	fa_esa_l2_ees_20000225031426_13913_v02.cdf			True	fa_esa_l2_ieb_20000225031425_13913_v02.cdf			True	fa_esa_l2_ies_20000225031426_13913_v02.cdf		
13914	./FAST_data/2000/02	fa_k0_orb_13914_v01.cdf	53	53	True	fa_esa_l2_eeb_20000225052537_13914_v02.cdf			True	fa_esa_l2_ees_20000225052539_13914_v02.cdf			True	fa_esa_l2_ieb_20000225052537_13914_v02.cdf			True	fa_esa_l2_ies_20000225052539_13914_v02.cdf		
13915	./FAST_data/2000/02	fa_k0_orb_13915_v01.cdf	53	53	True	fa_esa_l2_eeb_20000225064340_13915_v02.cdf			True	fa_esa_l2_ees_20000225064341_13915_v02.cdf			True	fa_esa_l2_ieb_20000225064340_13915_v02.cdf			True	fa_esa_l2_ies_20000225064341_13915_v02.cdf		
13916	./FAST_data/2000/02	fa_k0_orb_13916_v01.cdf	50	53	True	fa_esa_l2_eeb_20000225085442_13916_v02.cdf			True	fa_esa_l2_ees_20000225085443_13916_v02.cdf	41	64	True	fa_esa_l2_ieb_20000225085442_13916_v02.cdf			True	fa_esa_l2_ies_20000225085443_13916_v02.cdf	41	64
13917	./FAST_data/2000/02	fa_k0_orb_13917_v01.cdf	47	53	True	fa_esa_l2_eeb_20000225110524_13917_v02.cdf			True	fa_esa_l2_ees_20000225110526_13917_v02.cdf	46	93	True	fa_esa_l2_ieb_20000225110524_13917_v02.cdf			True	fa_esa_l2_ies_20000225110526_13917_v02.cdf	46	93
13918	./FAST_data/2000/02	fa_k0_orb_13918_v01.cdf	44	53	True	fa_esa_l2_eeb_20000225140504_13918_v02.cdf			True	fa_esa_l2_ees_20000225140505_13918_v02.cdf			True	fa_esa_l2_ieb_20000225140504_13918_v02.cdf			True	fa_esa_l2_ies_20000225140505_13918_v02.cdf		
13919	./FAST_data/2000/02	fa_k0_orb_13919_v01.cdf	42	53	True	fa_esa_l2_eeb_20000225161718_13919_v02.cdf			True	fa_esa_l2_ees_20000225161719_13919_v02.cdf			True	fa_esa_l2_ieb_20000225161718_13919_v02.cdf			True	fa_esa_l2_ies_20000225161719_13919_v02.cdf		
13920	./FAST_data/2000/02	fa_k0_orb_13920_v01.cdf	47	53	True	fa_esa_l2_eeb_20000225183058_13920_v02.cdf			True	fa_esa_l2_ees_20000225183059_13920_v02.cdf			True	fa_esa_l2_ieb_20000225183058_13920_v02.cdf			True	fa_esa_l2_ies_20000225183059_13920_v02.cdf		
13926	./FAST_data/2000/02	fa_k0_orb_13926_v01.cdf	52	52	True	fa_esa_l2_eeb_20000226065439_13926_v02.cdf			True	fa_esa_l2_ees_20000226065440_13926_v02.cdf			True	fa_esa_l2_ieb_20000226065439_13926_v02.cdf			True	fa_esa_l2_ies_20000226065440_13926_v02.cdf		
13927	./FAST_data/2000/02	fa_k0_orb_13927_v01.cdf	50	52	True	fa_esa_l2_eeb_20000226090539_13927_v02.cdf			True	fa_esa_l2_ees_20000226090540_13927_v02.cdf	45	60	True	fa_esa_l2_ieb_20000226090539_13927_v02.cdf			True	fa_esa_l2_ies_20000226090540_13927_v02.cdf	45	60
13928	./FAST_data/2000/02	fa_k0_orb_13928_v01.cdf	46	52	True	fa_esa_l2_eeb_20000226111618_13928_v02.cdf			True	fa_esa_l2_ees_20000226111619_13928_v02.cdf	43	90	True	fa_esa_l2_ieb_20000226111618_13928_v02.cdf			True	fa_esa_l2_ies_20000226111619_13928_v02.cdf	43	90
13929	./FAST_data/2000/02	fa_k0_orb_13929_v01.cdf	43	51	True	fa_esa_l2_eeb_20000226141632_13929_v02.cdf			True	fa_esa_l2_ees_20000226141633_13929_v02.cdf			True	fa_esa_l2_ieb_20000226141632_13929_v02.cdf			True	fa_esa_l2_ies_20000226141633_13929_v02.cdf		
13930	./FAST_data/2000/02	fa_k0_orb_13930_v01.cdf	42	51	True	fa_esa_l2_eeb_20000226162858_13930_v02.cdf			True	fa_esa_l2_ees_20000226162900_13930_v02.cdf			True	fa_esa_l2_ieb_20000226162858_13930_v02.cdf			True	fa_esa_l2_ies_20000226162900_13930_v02.cdf		
13931	./FAST_data/2000/02	fa_k0_orb_13931_v01.cdf	51	51	True	fa_esa_l2_eeb_20000226190402_13931_v02.cdf			True	fa_esa_l2_ees_20000226190059_13931_v02.cdf			True	fa_esa_l2_ieb_20000226190402_13931_v02.cdf			True	fa_esa_l2_ies_20000226190057_13931_v02.cdf		
13938	./FAST_data/2000/02	fa_k0_orb_13938_v01.cdf	49	50	True	fa_esa_l2_eeb_20000227091633_13938_v02.cdf			True	fa_esa_l2_ees_20000227091634_13938_v02.cdf	41	48	True	fa_esa_l2_ieb_20000227091633_13938_v02.cdf			True	fa_esa_l2_ies_20000227091634_13938_v02.cdf	41	48
13939	./FAST_data/2000/02	fa_k0_orb_13939_v01.cdf	46	50	True	fa_esa_l2_eeb_20000227121656_13939_v02.cdf			True	fa_esa_l2_ees_20000227121657_13939_v02.cdf			True	fa_esa_l2_ieb_20000227121656_13939_v02.cdf			True	fa_esa_l2_ies_20000227121657_13939_v02.cdf		
13940	./FAST_data/2000/02	fa_k0_orb_13940_v01.cdf	43	50	True	fa_esa_l2_eeb_20000227142759_13940_v02.cdf			True	fa_esa_l2_ees_20000227142800_13940_v02.cdf			True	fa_esa_l2_ieb_20000227142759_13940_v02.cdf			True	fa_esa_l2_ies_20000227142800_13940_v02.cdf		
13941	./FAST_data/2000/02	fa_k0_orb_13941_v01.cdf	41	50	True	fa_esa_l2_eeb_20000227164043_13941_v02.cdf			True	fa_esa_l2_ees_20000227164044_13941_v02.cdf			True	fa_esa_l2_ieb_20000227164043_13941_v02.cdf			True	fa_esa_l2_ies_20000227164044_13941_v02.cdf		
13949	./FAST_data/2000/02	fa_k0_orb_13949_v01.cdf	49	49	True	fa_esa_l2_eeb_20000228092729_13949_v02.cdf			True	fa_esa_l2_ees_20000228092730_13949_v02.cdf			True	fa_esa_l2_ieb_20000228092729_13949_v02.cdf			True	fa_esa_l2_ies_20000228092730_13949_v02.cdf		
13950	./FAST_data/2000/02	fa_k0_orb_13950_v01.cdf	45	49	True	fa_esa_l2_eeb_20000228113808_13950_v02.cdf			True	fa_esa_l2_ees_20000228113810_13950_v02.cdf	42	72	True	fa_esa_l2_ieb_20000228113808_13950_v02.cdf			True	fa_esa_l2_ies_20000228113810_13950_v02.cdf	42	72
13951	./FAST_data/2000/02	fa_k0_orb_13951_v01.cdf	42	49	True	fa_esa_l2_eeb_20000228143935_13951_v02.cdf			True	fa_esa_l2_ees_20000228143936_13951_v02.cdf			True	fa_esa_l2_ieb_20000228143935_13951_v02.cdf			True	fa_esa_l2_ies_20000228143936_13951_v02.cdf		
13952	./FAST_data/2000/02	fa_k0_orb_13952_v01.cdf	44	48	True	fa_esa_l2_eeb_20000228165226_13952_v02.cdf			True	fa_esa_l2_ees_20000228165227_13952_v02.cdf			True	fa_esa_l2_ieb_20000228165226_13952_v02.cdf			True	fa_esa_l2_ies_20000228165227_13952_v02.cdf		
13972	./FAST_data/2000/03	fa_k0_orb_13972_v01.cdf	44	46	True	fa_esa_l2_eeb_20000301115940_13972_v02.cdf			True	fa_esa_l2_ees_20000301115941_13972_v02.cdf	44	59	True	fa_esa_l2_ieb_20000301115940_13972_v02.cdf			True	fa_esa_l2_ies_20000301115941_13972_v02.cdf	44	59
13973	./FAST_data/2000/03	fa_k0_orb_13973_v01.cdf	42	46	True	fa_esa_l2_eeb_20000301150217_13973_v02.cdf			True	fa_esa_l2_ees_20000301150218_13973_v02.cdf			True	fa_esa_l2_ieb_20000301150217_13973_v02.cdf			True	fa_esa_l2_ies_20000301150218_13973_v02.cdf		
13983	./FAST_data/2000/03	fa_k0_orb_13983_v01.cdf	44	45	True	fa_esa_l2_eeb_20000302121023_13983_v02.cdf			True	fa_esa_l2_ees_20000302121024_13983_v02.cdf	49	56	True	fa_esa_l2_ieb_20000302121023_13983_v02.cdf			True	fa_esa_l2_ies_20000302121024_13983_v02.cdf	49	56
13984	./FAST_data/2000/03	fa_k0_orb_13984_v01.cdf	42	45	True	fa_esa_l2_eeb_20000302151342_13984_v02.cdf			True	fa_esa_l2_ees_20000302151343_13984_v02.cdf			True	fa_esa_l2_ieb_20000302151342_13984_v02.cdf			True	fa_esa_l2_ies_20000302151343_13984_v02.cdf		
13994	./FAST_data/2000/03	fa_k0_orb_13994_v01.cdf	43	43	True	fa_esa_l2_eeb_20000303131303_13994_v02.cdf			True	fa_esa_l2_ees_20000303131304_13994_v02.cdf			True	fa_esa_l2_ieb_20000303131303_13994_v02.cdf			True	fa_esa_l2_ies_20000303131304_13994_v02.cdf		
15729	./FAST_data/2000/08	fa_k0_orb_15729_v01.cdf	79	79	True	fa_esa_l2_eeb_20000809063139_15729_v02.cdf			True	fa_esa_l2_ees_20000809063140_15729_v02.cdf			True	fa_esa_l2_ieb_20000809063139_15729_v02.cdf			True	fa_esa_l2_ies_20000809063140_15729_v02.cdf		
15827	./FAST_data/2000/08	fa_k0_orb_15827_v01.cdf	72	72	True	fa_esa_l2_eeb_20000818052405_15827_v02.cdf			True	fa_esa_l2_ees_20000818052406_15827_v02.cdf			True	fa_esa_l2_ieb_20000818052405_15827_v02.cdf			True	fa_esa_l2_ies_20000818052406_15827_v02.cdf		
15947	./FAST_data/2000/08	fa_k0_orb_15947_v01.cdf	67	67	True	fa_esa_l2_eeb_20000829042953_15947_v02.cdf			True	fa_esa_l2_ees_20000829042954_15947_v02.cdf			True	fa_esa_l2_ieb_20000829042953_15947_v02.cdf			True	fa_esa_l2_ies_20000829042954_15947_v02.cdf		
16132	./FAST_data/2000/09	fa_k0_orb_16132_v01.cdf	46	49	True	fa_esa_l2_eeb_20000915014621_16132_v02.cdf			True	fa_esa_l2_ees_20000915014622_16132_v02.cdf			True	fa_esa_l2_ieb_20000915014621_16132_v02.cdf			True	fa_esa_l2_ies_20000915014622_16132_v02.cdf		
16133	./FAST_data/2000/09	fa_k0_orb_16133_v01.cdf	48	49	True	fa_esa_l2_eeb_20000915040015_16133_v02.cdf			True	fa_esa_l2_ees_20000915040016_16133_v02.cdf			True	fa_esa_l2_ieb_20000915040015_16133_v02.cdf			True	fa_esa_l2_ies_20000915040016_16133_v02.cdf		
16143	./FAST_data/2000/09	fa_k0_orb_16143_v01.cdf	45	48	True	fa_esa_l2_eeb_20000916015301_16143_v02.cdf			True	fa_esa_l2_ees_20000916015302_16143_v02.cdf			True	fa_esa_l2_ieb_20000916015301_16143_v02.cdf			True	fa_esa_l2_ies_20000916015302_16143_v02.cdf		
16154	./FAST_data/2000/09	fa_k0_orb_16154_v01.cdf	46	47	True	fa_esa_l2_eeb_20000917015929_16154_v02.cdf			True	fa_esa_l2_ees_20000917015930_16154_v02.cdf			True	fa_esa_l2_ieb_20000917015929_16154_v02.cdf			True	fa_esa_l2_ies_20000917015930_16154_v02.cdf		
16164	./FAST_data/2000/09	fa_k0_orb_16164_v01.cdf	43	46	True	fa_esa_l2_eeb_20000917235157_16164_v02.cdf			True	fa_esa_l2_ees_20000917235158_16164_v02.cdf			True	fa_esa_l2_ieb_20000917235157_16164_v02.cdf			True	fa_esa_l2_ies_20000917235158_16164_v02.cdf		
16175	./FAST_data/2000/09	fa_k0_orb_16175_v01.cdf	43	44	True	fa_esa_l2_eeb_20000918235826_16175_v02.cdf			True	fa_esa_l2_ees_20000918235827_16175_v02.cdf			True	fa_esa_l2_ieb_20000918235826_16175_v02.cdf			True	fa_esa_l2_ies_20000918235827_16175_v02.cdf		
16186	./FAST_data/2000/09	fa_k0_orb_16186_v01.cdf	43	43	True	fa_esa_l2_eeb_20000920000449_16186_v02.cdf			True	fa_esa_l2_ees_20000920000450_16186_v02.cdf			True	fa_esa_l2_ieb_20000920000449_16186_v02.cdf			True	fa_esa_l2_ies_20000920000450_16186_v02.cdf		
